,actors,boxoffice,director,poster_link,production_company,ratings,writer
0,"Natalie Dormer, Eoin Macken, Stephanie Vogt, Osamu Tanpopo","$21,818,536",Jason Zada,https://m.media-amazon.com/images/M/MV5BMjAwMzQzNTc5OV5BMl5BanBnXkFtZTgwNDgyMTU2NzE@._V1_SX300.jpg,Gramercy Pictures,"[{'Source': 'Internet Movie Database', 'Value': '4.8/10'}, {'Source': 'Rotten Tomatoes', 'Value': '10%'}, {'Source': 'Metacritic', 'Value': '34/100'}]","Nick Antosca, Sarah Cornwell, Ben Ketai"
1,"Alycia Debnam-Carey, William Moseley, Connor Paolo, Brit Morgan","$3,758,792",Simon Verhoeven,https://m.media-amazon.com/images/M/MV5BNGFhZjQ5OTEtY2FlMy00OWM5LTlkYjAtZGUyNTE2YmVkYjc0XkEyXkFqcGdeQXVyNjkwMzU3NDI@._V1_SX300.jpg,Entertainment Studios Motion Pictures,"[{'Source': 'Internet Movie Database', 'Value': '5.3/10'}, {'Source': 'Rotten Tomatoes', 'Value': '17%'}, {'Source': 'Metacritic', 'Value': '31/100'}]","Matthew Ballen, Philip Koch, Simon Verhoeven"
2,"John Krasinski, James Badge Dale, Pablo Schreiber, David Denman","$37,978,162",Michael Bay,https://m.media-amazon.com/images/M/MV5BYjY0OWVjMGQtNTIzZi00OGU5LWI4N2EtMGU0YzQ4OWM4ZmVhXkEyXkFqcGdeQXVyMTMxODk2OTU@._V1_SX300.jpg,Paramount Pictures,"[{'Source': 'Internet Movie Database', 'Value': '7.3/10'}, {'Source': 'Rotten Tomatoes', 'Value': '51%'}, {'Source': 'Metacritic', 'Value': '48/100'}]","Chuck Hogan (screenplay), Mitchell Zuckoff (book)"
3,"Chloë Grace Moretz, Matthew Zuk, Gabriela Lopez, Bailey Anne Borders",N/A,J Blakeson,https://m.media-amazon.com/images/M/MV5BMjQwOTc0Mzg3Nl5BMl5BanBnXkFtZTgwOTg3NjI2NzE@._V1_SX300.jpg,Sony Pictures,"[{'Source': 'Internet Movie Database', 'Value': '5.2/10'}, {'Source': 'Rotten Tomatoes', 'Value': '15%'}, {'Source': 'Metacritic', 'Value': '33/100'}]","Susannah Grant (screenplay by), Akiva Goldsman (screenplay by), Jeff Pinkner (screenplay by), Rick Yancey (based on the novel by)"
4,"Rob Schneider, Heather Graham, Ken Jeong, Bill Nighy","$12,320,716",Trevor Wall,https://m.media-amazon.com/images/M/MV5BNTY4MDk4Mjc4NV5BMl5BanBnXkFtZTgwNzg4OTk0NzE@._V1_SX300.jpg,Lionsgate,"[{'Source': 'Internet Movie Database', 'Value': '3.6/10'}, {'Source': 'Rotten Tomatoes', 'Value': '9%'}, {'Source': 'Metacritic', 'Value': '21/100'}]","Daniel Altiere, Steven Altiere, Malcolm T. Goldman"
5,"Ice Cube, Kevin Hart, Tika Sumpter, Benjamin Bratt",N/A,Tim Story,https://m.media-amazon.com/images/M/MV5BMTU4ODAzMzcxOV5BMl5BanBnXkFtZTgwODkxMDI1NjE@._V1_SX300.jpg,Universal Pictures,"[{'Source': 'Internet Movie Database', 'Value': '5.9/10'}, {'Source': 'Rotten Tomatoes', 'Value': '13%'}, {'Source': 'Metacritic', 'Value': '32/100'}]","Phil Hay, Matt Manfredi, Greg Coolidge (characters)"
6,"Dakota Johnson, Rebel Wilson, Leslie Mann, Damon Wayans Jr.",N/A,Christian Ditter,https://m.media-amazon.com/images/M/MV5BNzI4MDMwMzUwNF5BMl5BanBnXkFtZTgwMDgyNzkyNzE@._V1_SX300.jpg,Warner Bros. Pictures,"[{'Source': 'Internet Movie Database', 'Value': '6.1/10'}, {'Source': 'Rotten Tomatoes', 'Value': '46%'}, {'Source': 'Metacritic', 'Value': '51/100'}]","Abby Kohn (screenplay), Marc Silverstein (screenplay), Dana Fox (screenplay), Abby Kohn (screen story), Marc Silverstein (screen story), Liz Tuccillo (book)"
7,"Robert De Niro, Zac Efron, Zoey Deutch, Aubrey Plaza","$34,690,808",Dan Mazer,https://m.media-amazon.com/images/M/MV5BMzk0NzkyNDk2M15BMl5BanBnXkFtZTgwNDczOTU3NzE@._V1_SX300.jpg,Lionsgate Films,"[{'Source': 'Internet Movie Database', 'Value': '5.9/10'}, {'Source': 'Rotten Tomatoes', 'Value': '11%'}, {'Source': 'Metacritic', 'Value': '21/100'}]",John Phillips
8,"Melissa Rauch, Gary Cole, Thomas Middleditch, Sebastian Stan","$614,920",Bryan Buckley,https://m.media-amazon.com/images/M/MV5BMTUxMzI2Mzc5Ml5BMl5BanBnXkFtZTgwODQzOTU2NzE@._V1_SX300.jpg,Relativity Entertainment,"[{'Source': 'Internet Movie Database', 'Value': '6.0/10'}, {'Source': 'Rotten Tomatoes', 'Value': '35%'}, {'Source': 'Metacritic', 'Value': '44/100'}]","Melissa Rauch, Winston Rauch"
9,"Lauren Cohan, Rupert Evans, James Russell, Jim Norton","$30,196,680",William Brent Bell,https://m.media-amazon.com/images/M/MV5BMTc1MjcxNzcwMV5BMl5BanBnXkFtZTgwMTE0NTE2NzE@._V1_SX300.jpg,STX Entertainment,"[{'Source': 'Internet Movie Database', 'Value': '6.0/10'}, {'Source': 'Rotten Tomatoes', 'Value': '30%'}, {'Source': 'Metacritic', 'Value': '42/100'}]",Stacey Menear
10,"Jack Black, Bryan Cranston, Dustin Hoffman, Angelina Jolie","$128,341,070","Alessandro Carloni, Jennifer Yuh Nelson",https://m.media-amazon.com/images/M/MV5BMTUyNzgxNjg2M15BMl5BanBnXkFtZTgwMTY1NDI1NjE@._V1_SX300.jpg,DreamWorks Animation,"[{'Source': 'Internet Movie Database', 'Value': '7.1/10'}, {'Source': 'Rotten Tomatoes', 'Value': '87%'}, {'Source': 'Metacritic', 'Value': '66/100'}]","Jonathan Aibel, Glenn Berger"
11,"Chris Pine, Casey Affleck, Ben Foster, Eric Bana","$20,278,493",Craig Gillespie,https://m.media-amazon.com/images/M/MV5BNTY1MDU1NzYzN15BMl5BanBnXkFtZTgwOTA0MDQyNzE@._V1_SX300.jpg,Walt Disney Pictures,"[{'Source': 'Internet Movie Database', 'Value': '6.8/10'}, {'Source': 'Rotten Tomatoes', 'Value': '64%'}, {'Source': 'Metacritic', 'Value': '58/100'}]","Scott Silver (screenplay), Paul Tamasy (screenplay), Eric Johnson (screenplay), Casey Sherman (book), Michael J. Tougias (book)"
12,"Marlon Wayans, Kali Hawk, Fred Willard, Mike Epps",N/A,Michael Tiddes,https://m.media-amazon.com/images/M/MV5BMTQ3MTg3MzY4OV5BMl5BanBnXkFtZTgwNTI4MzM1NzE@._V1_SX300.jpg,Open Road Films,"[{'Source': 'Internet Movie Database', 'Value': '3.5/10'}, {'Source': 'Rotten Tomatoes', 'Value': '7%'}, {'Source': 'Metacritic', 'Value': '28/100'}]","Marlon Wayans, Rick Alvarez"
13,"Lily James, Sam Riley, Bella Heathcote, Ellie Bamber","$8,639,097",Burr Steers,https://m.media-amazon.com/images/M/MV5BMjE1MzA3NzYxMl5BMl5BanBnXkFtZTgwMzQ0NDA5NzE@._V1_SX300.jpg,Sony Pictures,"[{'Source': 'Internet Movie Database', 'Value': '5.8/10'}, {'Source': 'Rotten Tomatoes', 'Value': '44%'}, {'Source': 'Metacritic', 'Value': '45/100'}]","Burr Steers (screenplay), Jane Austen (Quirk Books novel), Seth Grahame-Smith (Quirk Books novel)"
14,"Benjamin Walker, Teresa Palmer, Maggie Grace, Alexandra Daddario","$15,285,347",Ross Katz,https://m.media-amazon.com/images/M/MV5BMTYzMDA2ODcxMV5BMl5BanBnXkFtZTgwODMzOTMzNzE@._V1_SX300.jpg,Lionsgate Films,"[{'Source': 'Internet Movie Database', 'Value': '6.6/10'}, {'Source': 'Rotten Tomatoes', 'Value': '11%'}, {'Source': 'Metacritic', 'Value': '26/100'}]","Bryan Sipe (screenplay), Nicholas Sparks (novel)"
15,"Matthias Schweighöfer, Kaya Yanar, Ilka Bessin, Dieter Hallervorden","$7,965,609","Vincent Kesteloot, Ben Stassen, Mimi Maynard",https://m.media-amazon.com/images/M/MV5BMjA4OTE0MjAwNl5BMl5BanBnXkFtZTgwMjY4Mzg2OTE@._V1_SX300.jpg,StudioCanal,"[{'Source': 'Internet Movie Database', 'Value': '5.4/10'}, {'Source': 'Rotten Tomatoes', 'Value': '17%'}, {'Source': 'Metacritic', 'Value': '36/100'}]",Domonic Paris
16,"Nivin Pauly, Anu Emmanuel, Devi Ajith, Baby",N/A,Abrid Shine,https://m.media-amazon.com/images/M/MV5BODU0ZmFlZWMtZWUyZi00ZmU2LTg4OGMtZjBmMDgzMGQyMDA2XkEyXkFqcGdeQXVyMzQ5Njc3NzU@._V1_SX300.jpg,Tricolor Entertainment,"[{'Source': 'Internet Movie Database', 'Value': '7.7/10'}]","Muhammed Shafeekh (screenplay), Abrid Shine (story)"
17,"Josh Brolin, George Clooney, Alden Ehrenreich, Ralph Fiennes","$27,927,631","Ethan Coen, Joel Coen",https://m.media-amazon.com/images/M/MV5BOTI1M2FlMzItY2VjYS00Y2VkLWI5OTQtMzA0MWMyNmQzZmQ0XkEyXkFqcGdeQXVyMTMxODk2OTU@._V1_SX300.jpg,Universal Pictures,"[{'Source': 'Internet Movie Database', 'Value': '6.3/10'}, {'Source': 'Rotten Tomatoes', 'Value': '86%'}, {'Source': 'Metacritic', 'Value': '72/100'}]","Joel Coen, Ethan Coen"
18,"Tom Hiddleston, Elizabeth Olsen, Bradley Whitford, Cherry Jones",N/A,Marc Abraham,https://m.media-amazon.com/images/M/MV5BMTU4NzQ1NjU2Ml5BMl5BanBnXkFtZTgwMzAwNjQ0NzE@._V1_SX300.jpg,N/A,"[{'Source': 'Internet Movie Database', 'Value': '5.7/10'}, {'Source': 'Metacritic', 'Value': '47/100'}]","Marc Abraham, Colin Escott (book), George Merritt (book), William MacEwen (book)"
19,"Justin Bieber, Jon Daly, Penélope Cruz, Ben Stiller","$29,782,560",Ben Stiller,https://m.media-amazon.com/images/M/MV5BMjI2MjQxNTQzOV5BMl5BanBnXkFtZTgwMDE2MTY2NzE@._V1_SX300.jpg,Paramount Pictures,"[{'Source': 'Internet Movie Database', 'Value': '4.7/10'}, {'Source': 'Rotten Tomatoes', 'Value': '23%'}, {'Source': 'Metacritic', 'Value': '34/100'}]","Justin Theroux, Ben Stiller, Nicholas Stoller, John Hamburg, Drake Sather (character Derek Zoolander), Ben Stiller (character Derek Zoolander)"
20,"Chao Deng, Show Lo, Yuqi Zhang, Yun Lin","$3,229,457",Stephen Chow,https://m.media-amazon.com/images/M/MV5BYzQzZGQxZTUtZWZhMC00ODE0LWI3N2EtOThiOTg0ZDYxYjEwXkEyXkFqcGdeQXVyNjU0NzY4ODU@._V1_SX300.jpg,Sony Pictures,"[{'Source': 'Internet Movie Database', 'Value': '6.2/10'}, {'Source': 'Rotten Tomatoes', 'Value': '94%'}, {'Source': 'Metacritic', 'Value': '69/100'}]","Hing-Ka Chan, Stephen Chow, Chi Keung Fung, Miu-Kei Ho, Ivy Kong, Si-Cheun Lee, Zhengyu Lu, Kan-Cheung Tsang"
21,"Ryan Reynolds, Karan Soni, Ed Skrein, Michael Benyaer","$328,674,489",Tim Miller,https://m.media-amazon.com/images/M/MV5BYzE5MjY1ZDgtMTkyNC00MTMyLThhMjAtZGI5OTE1NzFlZGJjXkEyXkFqcGdeQXVyNjU0OTQ0OTY@._V1_SX300.jpg,20th Century Fox,"[{'Source': 'Internet Movie Database', 'Value': '8.0/10'}, {'Source': 'Rotten Tomatoes', 'Value': '84%'}, {'Source': 'Metacritic', 'Value': '65/100'}]","Rhett Reese, Paul Wernick"
22,"Ginnifer Goodwin, Jason Bateman, Idris Elba, Jenny Slate","$341,264,012","Byron Howard, Rich Moore, Jared Bush(co-director)",https://m.media-amazon.com/images/M/MV5BOTMyMjEyNzIzMV5BMl5BanBnXkFtZTgwNzIyNjU0NzE@._V1_SX300.jpg,Walt Disney Animation Studios,"[{'Source': 'Internet Movie Database', 'Value': '8.0/10'}, {'Source': 'Rotten Tomatoes', 'Value': '97%'}, {'Source': 'Metacritic', 'Value': '78/100'}]","Byron Howard (story by), Rich Moore (story by), Jared Bush (story by), Jim Reardon (story by), Josie Trinidad (story by), Phil Johnston (story by), Jennifer Lee (story by), Jared Bush (screenplay by), Phil Johnston (screenplay by)"
23,"Michael Shannon, Joel Edgerton, Kirsten Dunst, Adam Driver","$3,324,164",Jeff Nichols,https://m.media-amazon.com/images/M/MV5BMTcwYjMxNTAtMjZkNC00YjJlLTg2ZGItNTM0NWVhYzEzYTZkXkEyXkFqcGdeQXVyNTY0MTkxMTg@._V1_SX300.jpg,Warner Bros. Pictures,"[{'Source': 'Internet Movie Database', 'Value': '6.6/10'}, {'Source': 'Rotten Tomatoes', 'Value': '83%'}, {'Source': 'Metacritic', 'Value': '76/100'}]",Jeff Nichols
24,"Emma Watson, Daniel Brühl, Michael Nyqvist, Richenda Carey",N/A,Florian Gallenberger,https://m.media-amazon.com/images/M/MV5BMjE3NjQ1MTIxNl5BMl5BanBnXkFtZTgwOTY4OTIzODE@._V1_SX300.jpg,Majestic Filmproduktion,"[{'Source': 'Internet Movie Database', 'Value': '7.1/10'}, {'Source': 'Rotten Tomatoes', 'Value': '26%'}, {'Source': 'Metacritic', 'Value': '33/100'}]","Torsten Wenzel, Florian Gallenberger, Tom Kinninmont (additional script material by)"
25,"Anya Taylor-Joy, Ralph Ineson, Kate Dickie, Harvey Scrimshaw","$19,239,494",Robert Eggers,https://m.media-amazon.com/images/M/MV5BMTUyNzkwMzAxOF5BMl5BanBnXkFtZTgwMzc1OTk1NjE@._V1_SX300.jpg,A24 Films,"[{'Source': 'Internet Movie Database', 'Value': '6.8/10'}, {'Source': 'Rotten Tomatoes', 'Value': '91%'}, {'Source': 'Metacritic', 'Value': '83/100'}]",Robert Eggers
26,"Chiwetel Ejiofor, Casey Affleck, Anthony Mackie, Woody Harrelson",N/A,John Hillcoat,https://m.media-amazon.com/images/M/MV5BMTU0NDcxMzczMV5BMl5BanBnXkFtZTgwODkxNTUwODE@._V1_SX300.jpg,Open Road Films,"[{'Source': 'Internet Movie Database', 'Value': '6.3/10'}, {'Source': 'Rotten Tomatoes', 'Value': '53%'}, {'Source': 'Metacritic', 'Value': '52/100'}]",Matt Cook
27,"Sonam Kapoor, Shabana Azmi, Yogendra Tiku, Abrar Zahoor","$1,255,246",Ram Madhvani,https://m.media-amazon.com/images/M/MV5BZDhjM2E0OWMtOTA0Yy00NTNhLWEwNTEtZjhkNjNmNTdiZDA2XkEyXkFqcGdeQXVyODE5NzE3OTE@._V1_SX300.jpg,Bling Unplugged,"[{'Source': 'Internet Movie Database', 'Value': '7.7/10'}, {'Source': 'Rotten Tomatoes', 'Value': '100%'}]","Saiwyn Quadras (story and screenplay), Sanyukta Chawla Shaikh (dialogue)"
28,"Tom Costello, Jo Hartley, Keith Allen, Dickon Tolson","$20,047,049",Dexter Fletcher,https://m.media-amazon.com/images/M/MV5BMTUxOTc5MTU1NF5BMl5BanBnXkFtZTgwODYyNTA1NzE@._V1_SX300.jpg,20th Century Fox,"[{'Source': 'Internet Movie Database', 'Value': '7.4/10'}, {'Source': 'Rotten Tomatoes', 'Value': '81%'}, {'Source': 'Metacritic', 'Value': '54/100'}]","Sean Macaulay (screenplay), Simon Kelton (screenplay), Simon Kelton (story)"
29,"Alon Aboutboul, Waleed Zuaiter, Adel Bencherif, Mehdi Dehbi",N/A,Babak Najafi,https://m.media-amazon.com/images/M/MV5BMTY1ODY2MTgwM15BMl5BanBnXkFtZTgwOTY3Nzc3NzE@._V1_SX300.jpg,Focus Features,"[{'Source': 'Internet Movie Database', 'Value': '5.9/10'}, {'Source': 'Rotten Tomatoes', 'Value': '26%'}, {'Source': 'Metacritic', 'Value': '28/100'}]","Creighton Rothenberger (based on characters created by), Katrin Benedikt (based on characters created by), Creighton Rothenberger (story by), Katrin Benedikt (story by), Creighton Rothenberger (screenplay by), Katrin Benedikt (screenplay by), Christian Gudegast (screenplay by), Chad St. John (screenplay by)"
30,"Tina Fey, Margot Robbie, Martin Freeman, Alfred Molina","$18,356,529","Glenn Ficarra, John Requa",https://m.media-amazon.com/images/M/MV5BMjIxOTIzMTM5OF5BMl5BanBnXkFtZTgwNDIxNTA1NzE@._V1_SX300.jpg,Paramount Pictures,"[{'Source': 'Internet Movie Database', 'Value': '6.6/10'}, {'Source': 'Rotten Tomatoes', 'Value': '67%'}, {'Source': 'Metacritic', 'Value': '57/100'}]","Robert Carlock (screenplay by), Kim Barker (based on the book ""The Taliban Shuffle: Strange Days in Afghanistan and Pakistan"" by)"
31,"Shailene Woodley, Theo James, Naomi Watts, Octavia Spencer",N/A,Robert Schwentke,https://m.media-amazon.com/images/M/MV5BNjk2OTc5YzQtMjAwMS00YWY4LTk1ZWItOTgyMmRkMGU4ZmY1XkEyXkFqcGdeQXVyMzQ1MzUwMTE@._V1_SX300.jpg,Lionsgate,"[{'Source': 'Internet Movie Database', 'Value': '5.7/10'}, {'Source': 'Rotten Tomatoes', 'Value': '11%'}, {'Source': 'Metacritic', 'Value': '33/100'}]","Noah Oppenheim (screenplay), Adam Cooper (screenplay), Bill Collage (screenplay), Veronica Roth (novel)"
32,"John Goodman, Mary Elizabeth Winstead, John Gallagher Jr., Douglas M. Griffin","$59,481,553",Dan Trachtenberg,https://m.media-amazon.com/images/M/MV5BMjEzMjczOTIxMV5BMl5BanBnXkFtZTgwOTUwMjI3NzE@._V1_SX300.jpg,Bad Robot Productions,"[{'Source': 'Internet Movie Database', 'Value': '7.2/10'}, {'Source': 'Rotten Tomatoes', 'Value': '90%'}, {'Source': 'Metacritic', 'Value': '76/100'}]","Josh Campbell (screenplay by), Matthew Stuecken (screenplay by), Damien Chazelle (screenplay by), Josh Campbell (story by), Matthew Stuecken (story by)"
33,"Maz Jobrani, John Heard, Sheila Vand, Deanna Russo","$201,638",Jonathan Kesselman,https://m.media-amazon.com/images/M/MV5BMTgxMzkyOTgzMl5BMl5BanBnXkFtZTgwMjQyMTAxMzE@._V1_SX300.jpg,Gravitas Ventures,"[{'Source': 'Internet Movie Database', 'Value': '5.3/10'}, {'Source': 'Rotten Tomatoes', 'Value': '83%'}]","Maz Jobrani, Amir Ohebsion"
34,"Jennifer Garner, Kylie Rogers, Martin Henderson, Brighton Sharbino",N/A,Patricia Riggen,https://m.media-amazon.com/images/M/MV5BMjkyOTI5NzgxMl5BMl5BanBnXkFtZTgwNjg4MzQzNzE@._V1_SX300.jpg,Sony Pictures,"[{'Source': 'Internet Movie Database', 'Value': '7.1/10'}, {'Source': 'Rotten Tomatoes', 'Value': '44%'}, {'Source': 'Metacritic', 'Value': '44/100'}]","Christy Beam (book), Randy Brown (screenplay)"
35,"Ben Affleck, Henry Cavill, Amy Adams, Jesse Eisenberg","$293,792,936",Zack Snyder,https://m.media-amazon.com/images/M/MV5BYThjYzcyYzItNTVjNy00NDk0LTgwMWQtYjMwNmNlNWJhMzMyXkEyXkFqcGdeQXVyMTQxNzMzNDI@._V1_SX300.jpg,Warner Bros. Pictures,"[{'Source': 'Internet Movie Database', 'Value': '6.5/10'}, {'Source': 'Rotten Tomatoes', 'Value': '27%'}, {'Source': 'Metacritic', 'Value': '44/100'}]","Chris Terrio, David S. Goyer, Bob Kane (Batman created by), Bill Finger (Batman created by), Jerry Siegel (Superman created by), Joe Shuster (Superman created by), William Moulton Marston (character created by: Wonder Woman)"
36,"Blake Jenner, Juston Street, Ryan Guzman, Tyler Hoechlin",N/A,Richard Linklater,https://m.media-amazon.com/images/M/MV5BMTk2NDcyNDE5N15BMl5BanBnXkFtZTgwNDA0MzQ1NzE@._V1_SX300.jpg,Paramount Pictures,"[{'Source': 'Internet Movie Database', 'Value': '7.0/10'}, {'Source': 'Rotten Tomatoes', 'Value': '87%'}, {'Source': 'Metacritic', 'Value': '83/100'}]",Richard Linklater
37,"Jake Gyllenhaal, Naomi Watts, Chris Cooper, Judah Lewis","$1,656,098",Jean-Marc Vallée,https://m.media-amazon.com/images/M/MV5BMTg4Nzg1MTYxMl5BMl5BanBnXkFtZTgwMjUxNDMyODE@._V1_SX300.jpg,Fox Searchlight,"[{'Source': 'Internet Movie Database', 'Value': '7.0/10'}, {'Source': 'Rotten Tomatoes', 'Value': '53%'}, {'Source': 'Metacritic', 'Value': '49/100'}]",Bryan Sipe
38,"Chris Hemsworth, Charlize Theron, Jessica Chastain, Emily Blunt","$46,445,229",Cedric Nicolas-Troyan,https://m.media-amazon.com/images/M/MV5BMmI5ZjBjZmMtNTQwOC00YWJjLThkNmUtOTY2ZDkwMmI2ZmU4XkEyXkFqcGdeQXVyMTQ1ODEyNjA@._V1_SX300.jpg,Universal Pictures,"[{'Source': 'Internet Movie Database', 'Value': '6.1/10'}, {'Source': 'Rotten Tomatoes', 'Value': '18%'}, {'Source': 'Metacritic', 'Value': '35/100'}]","Evan Spiliotopoulos, Craig Mazin, Evan Daugherty (characters)"
39,"Melissa McCarthy, Kristen Bell, Peter Dinklage, Ella Anderson","$54,489,847",Ben Falcone,https://m.media-amazon.com/images/M/MV5BMjQzNTUwNDU0OV5BMl5BanBnXkFtZTgwNzU5NTAwODE@._V1_SX300.jpg,Universal Pictures,"[{'Source': 'Internet Movie Database', 'Value': '5.4/10'}, {'Source': 'Rotten Tomatoes', 'Value': '22%'}, {'Source': 'Metacritic', 'Value': '40/100'}]","Melissa McCarthy, Ben Falcone, Steve Mallory"
40,"Paul Giamatti, John Goodman, Bella Thorne, Rosario Dawson",N/A,"Kevin Munroe, Jericca Cleland(co-director)",https://m.media-amazon.com/images/M/MV5BNDMxMjkzOTEzOV5BMl5BanBnXkFtZTgwNDExNjk5NzE@._V1_SX300.jpg,Focus Features,"[{'Source': 'Internet Movie Database', 'Value': '5.6/10'}, {'Source': 'Rotten Tomatoes', 'Value': '21%'}, {'Source': 'Metacritic', 'Value': '29/100'}]","T.J. Fixman, Kevin Munroe, Gerry Swallow, Brian Allgeier (video games), Brian Hastings (video games), Alex Hastings (video games)"
41,"Anton Yelchin, Joe Cole, Alia Shawkat, Callum Turner","$3,219,029",Jeremy Saulnier,https://m.media-amazon.com/images/M/MV5BMjU1ODQ5NzA0N15BMl5BanBnXkFtZTgwMDg5MTA5NzE@._V1_SX300.jpg,A24 Films,"[{'Source': 'Internet Movie Database', 'Value': '7.0/10'}, {'Source': 'Rotten Tomatoes', 'Value': '90%'}, {'Source': 'Metacritic', 'Value': '79/100'}]",Jeremy Saulnier
42,"Shah Rukh Khan, Carolina Main, Sayani Gupta, Shriya Pilgaonkar","$2,515,116",Maneesh Sharma,https://m.media-amazon.com/images/M/MV5BYTk1MjNlMTYtYmE5OS00ZjgzLTg1MjktYzY2YjdhMDQzNzA4XkEyXkFqcGdeQXVyNTE0MDc0NTM@._V1_SX300.jpg,Yash Raj Films,"[{'Source': 'Internet Movie Database', 'Value': '7.1/10'}, {'Source': 'Rotten Tomatoes', 'Value': '77%'}]","Maneesh Sharma (story), Habib Faisal (screenplay), Habib Faisal (dialogue), Sharat Katariya (dialogue)"
43,"Jordan Peele, Keegan-Michael Key, Tiffany Haddish, Method Man",N/A,Peter Atencio,https://m.media-amazon.com/images/M/MV5BMTUwODA0NzQxMl5BMl5BanBnXkFtZTgwNzUyMjY3ODE@._V1_SX300.jpg,Warner Bros. Pictures,"[{'Source': 'Internet Movie Database', 'Value': '6.3/10'}, {'Source': 'Rotten Tomatoes', 'Value': '77%'}, {'Source': 'Metacritic', 'Value': '63/100'}]","Jordan Peele, Alex Rubens"
44,"Idris Elba, Richard Madden, Charlotte Le Bon, Kelly Reilly","$41,546",James Watkins,https://m.media-amazon.com/images/M/MV5BMTAyNDc3MDMwMDNeQTJeQWpwZ15BbWU4MDkyMzc5MjAy._V1_SX300.jpg,High Top Releasing,"[{'Source': 'Internet Movie Database', 'Value': '6.3/10'}, {'Source': 'Rotten Tomatoes', 'Value': '48%'}, {'Source': 'Metacritic', 'Value': '48/100'}]","Andrew Baldwin, James Watkins"
45,"Tom Hanks, Omar Elba, Sarita Choudhury, Sidse Babett Knudsen",N/A,Tom Tykwer,https://m.media-amazon.com/images/M/MV5BMTU2MzU1NTg4NV5BMl5BanBnXkFtZTgwNzQ5MjAzODE@._V1_SX300.jpg,Roadside Attractions,"[{'Source': 'Internet Movie Database', 'Value': '6.1/10'}, {'Source': 'Rotten Tomatoes', 'Value': '72%'}, {'Source': 'Metacritic', 'Value': '58/100'}]","Dave Eggers (novel), Tom Tykwer (screenplay)"
46,"Chris Evans, Robert Downey Jr., Scarlett Johansson, Sebastian Stan","$408,080,554","Anthony Russo, Joe Russo",https://m.media-amazon.com/images/M/MV5BMjQ0MTgyNjAxMV5BMl5BanBnXkFtZTgwNjUzMDkyODE@._V1_SX300.jpg,Walt Disney Pictures,"[{'Source': 'Internet Movie Database', 'Value': '7.8/10'}, {'Source': 'Rotten Tomatoes', 'Value': '91%'}, {'Source': 'Metacritic', 'Value': '75/100'}]","Christopher Markus (screenplay by), Stephen McFeely (screenplay by), Joe Simon (based on the Marvel comics by), Jack Kirby (based on the Marvel comics by)"
47,"Jennifer Aniston, Timothy Olyphant, Shay Mitchell, Caleb Brown","$29,149,230",Garry Marshall,https://m.media-amazon.com/images/M/MV5BODYzMjc5NDEzNF5BMl5BanBnXkFtZTgwMzI3ODcyODE@._V1_SX300.jpg,Open Road Films,"[{'Source': 'Internet Movie Database', 'Value': '5.7/10'}, {'Source': 'Rotten Tomatoes', 'Value': '6%'}, {'Source': 'Metacritic', 'Value': '18/100'}]","Anya Kochoff (screenplay), Matthew Walker (screenplay), Tom Hines (screenplay), Lily Hollander (story), Matthew Walker (story), Tom Hines (story), Garry Marshall (story)"
48,"Vince Vaughn, Hailee Steinfeld, Bill Paxton, Jonathan Banks","$13,040",Peter Billingsley,https://m.media-amazon.com/images/M/MV5BMjA4MzQwNTk4Ml5BMl5BanBnXkFtZTgwOTQxOTAxODE@._V1_SX300.jpg,Focus World,"[{'Source': 'Internet Movie Database', 'Value': '5.5/10'}, {'Source': 'Rotten Tomatoes', 'Value': '0%'}, {'Source': 'Metacritic', 'Value': '23/100'}]","Andy Lieberman (screenplay by), Andy Lieberman (graphic novel), Nick Thornborrow (graphic novel)"
49,"Seth Rogen, Zac Efron, Rose Byrne, Chloë Grace Moretz",N/A,Nicholas Stoller,https://m.media-amazon.com/images/M/MV5BMTY0NzUxMDUzN15BMl5BanBnXkFtZTgwNzI2MTY4ODE@._V1_SX300.jpg,Universal Pictures,"[{'Source': 'Internet Movie Database', 'Value': '5.7/10'}, {'Source': 'Rotten Tomatoes', 'Value': '63%'}, {'Source': 'Metacritic', 'Value': '58/100'}]","Andrew Jay Cohen, Brendan O'Brien, Nicholas Stoller, Evan Goldberg, Seth Rogen, Andrew Jay Cohen (based on characters created by), Brendan O'Brien (based on characters created by)"
50,"Meryl Streep, Hugh Grant, Simon Helberg, Rebecca Ferguson","$27,370,107",Stephen Frears,https://m.media-amazon.com/images/M/MV5BMjA0Mzc4MjMxMl5BMl5BanBnXkFtZTgwODIwNTQxODE@._V1_SX300.jpg,BBC Films,"[{'Source': 'Internet Movie Database', 'Value': '6.8/10'}, {'Source': 'Rotten Tomatoes', 'Value': '88%'}, {'Source': 'Metacritic', 'Value': '71/100'}]",Nicholas Martin
51,"Jason Sudeikis, Josh Gad, Danny McBride, Maya Rudolph","$107,506,776","Clay Kaytis, Fergal Reilly",https://m.media-amazon.com/images/M/MV5BMTY3MjU0NDA0OF5BMl5BanBnXkFtZTgwNTc0MTU3OTE@._V1_SX300.jpg,Sony Pictures,"[{'Source': 'Internet Movie Database', 'Value': '6.3/10'}, {'Source': 'Rotten Tomatoes', 'Value': '43%'}, {'Source': 'Metacritic', 'Value': '43/100'}]","Jon Vitti (screenplay by), Mikael Hed (story by), Mikko Pöllä (story by), John Cohen (story by), Mikael Hed (created by: The Original Angry Birds Game)"
52,"Steve Carell, Sheryl Lee, Todd Weeks, Paul Schackman","$11,078,961",Woody Allen,https://m.media-amazon.com/images/M/MV5BYzkzMzdjMTQtZGI3OS00NTI4LWI3YzktYmZlNmUxMjgwN2U5XkEyXkFqcGdeQXVyNDQzMDg4Nzk@._V1_SX300.jpg,Perdido Productions,"[{'Source': 'Internet Movie Database', 'Value': '6.6/10'}, {'Source': 'Rotten Tomatoes', 'Value': '71%'}, {'Source': 'Metacritic', 'Value': '64/100'}]",Woody Allen
53,"Patrick Wilson, Vera Farmiga, Madison Wolfe, Frances O'Connor","$102,461,593",James Wan,https://m.media-amazon.com/images/M/MV5BZjU5OWVlN2EtODNlYy00MjhhLWI0MDUtMTA3MmQ5MGMwYTZmXkEyXkFqcGdeQXVyNjE5MTM4MzY@._V1_SX300.jpg,Warner Bros. Pictures,"[{'Source': 'Internet Movie Database', 'Value': '7.4/10'}, {'Source': 'Rotten Tomatoes', 'Value': '80%'}, {'Source': 'Metacritic', 'Value': '65/100'}]","Chad Hayes (screenplay by), Carey W. Hayes (screenplay by), James Wan (screenplay by), David Leslie Johnson-McGoldrick (screenplay by), Chad Hayes (story by), Carey W. Hayes (story by), James Wan (story by), Chad Hayes (based on characters created by), Carey W. Hayes (based on characters created by)"
54,"Russell Crowe, Ryan Gosling, Angourie Rice, Matt Bomer","$32,261,515",Shane Black,https://m.media-amazon.com/images/M/MV5BMjcwNDA5MDYyNl5BMl5BanBnXkFtZTgwNjg0NDkzNzE@._V1_SX300.jpg,Warner Bros. Pictures,"[{'Source': 'Internet Movie Database', 'Value': '7.4/10'}, {'Source': 'Rotten Tomatoes', 'Value': '93%'}, {'Source': 'Metacritic', 'Value': '70/100'}]","Shane Black, Anthony Bagarozzi"
55,"James McAvoy, Michael Fassbender, Jennifer Lawrence, Nicholas Hoult","$135,729,385",Bryan Singer,https://m.media-amazon.com/images/M/MV5BMjU1ODM1MzYxN15BMl5BanBnXkFtZTgwOTA4NDE2ODE@._V1_SX300.jpg,20th Century Fox,"[{'Source': 'Internet Movie Database', 'Value': '7.0/10'}, {'Source': 'Rotten Tomatoes', 'Value': '47%'}, {'Source': 'Metacritic', 'Value': '52/100'}]","Simon Kinberg (screenplay by), Bryan Singer (story by), Simon Kinberg (story by), Michael Dougherty (story by), Dan Harris (story by)"
56,"Travis Fimmel, Paula Patton, Ben Foster, Dominic Cooper","$44,765,679",Duncan Jones,https://m.media-amazon.com/images/M/MV5BMjIwNTM0Mzc5MV5BMl5BanBnXkFtZTgwMDk5NDU1ODE@._V1_SX300.jpg,Universal Pictures,"[{'Source': 'Internet Movie Database', 'Value': '6.9/10'}, {'Source': 'Rotten Tomatoes', 'Value': '28%'}, {'Source': 'Metacritic', 'Value': '32/100'}]","Charles Leavitt, Duncan Jones"
57,"Johnny Depp, Mia Wasikowska, Helena Bonham Carter, Anne Hathaway","$77,037,635",James Bobin,https://m.media-amazon.com/images/M/MV5BMTc2NjExMTIyN15BMl5BanBnXkFtZTgwMjg0OTIwODE@._V1_SX300.jpg,Walt Disney Pictures,"[{'Source': 'Internet Movie Database', 'Value': '6.2/10'}, {'Source': 'Rotten Tomatoes', 'Value': '29%'}, {'Source': 'Metacritic', 'Value': '34/100'}]","Linda Woolverton (screenplay), Lewis Carroll (books)"
58,"Kate Beckinsale, Morfydd Clark, Tom Bennett, Jenn Murray","$14,013,564",Whit Stillman,https://m.media-amazon.com/images/M/MV5BMTQ3NTQ2NjMwMV5BMl5BanBnXkFtZTgwOTk3Njk0ODE@._V1_SX300.jpg,Roadside Attractions,"[{'Source': 'Internet Movie Database', 'Value': '6.4/10'}, {'Source': 'Rotten Tomatoes', 'Value': '97%'}, {'Source': 'Metacritic', 'Value': '87/100'}]","Whit Stillman, Jane Austen (based on her novella ""Lady Susan"")"
59,"Mark Rylance, Ruby Barnhill, Penelope Wilton, Jemaine Clement","$55,472,665",Steven Spielberg,https://m.media-amazon.com/images/M/MV5BNjAzOTUzNTY3Ml5BMl5BanBnXkFtZTgwMjYwNzE5ODE@._V1_SX300.jpg,Walt Disney Pictures,"[{'Source': 'Internet Movie Database', 'Value': '6.4/10'}, {'Source': 'Rotten Tomatoes', 'Value': '75%'}, {'Source': 'Metacritic', 'Value': '66/100'}]","Melissa Mathison (screenplay by), Roald Dahl (based on the book by)"
60,"Megan Fox, Will Arnett, Laura Linney, Stephen Amell","$82,035,527",Dave Green,https://m.media-amazon.com/images/M/MV5BMmVkNjVjZTQtNTczYS00ODk5LWFkNjItYjNlMDc5ZjMyYTQwXkEyXkFqcGdeQXVyODE5NzE3OTE@._V1_SX300.jpg,Paramount Pictures,"[{'Source': 'Internet Movie Database', 'Value': '6.0/10'}, {'Source': 'Rotten Tomatoes', 'Value': '37%'}, {'Source': 'Metacritic', 'Value': '40/100'}]","Josh Appelbaum, André Nemec, Peter Laird (based on the Teenage Mutant Ninja Turtles characters created by), Kevin Eastman (based on the Teenage Mutant Ninja Turtles characters created by)"
61,"Sam Claflin, Vanessa Kirby, Emilia Clarke, Eileen Dunwoodie","$56,228,651",Thea Sharrock,https://m.media-amazon.com/images/M/MV5BMTQ2NjE4NDE2NV5BMl5BanBnXkFtZTgwOTcwNDE5NzE@._V1_SX300.jpg,Warner Bros. Pictures,"[{'Source': 'Internet Movie Database', 'Value': '7.4/10'}, {'Source': 'Rotten Tomatoes', 'Value': '56%'}, {'Source': 'Metacritic', 'Value': '51/100'}]","Jojo Moyes (based on the novel by), Jojo Moyes (screenplay by)"
62,"Jesse Eisenberg, Mark Ruffalo, Woody Harrelson, Dave Franco","$65,030,563",Jon M. Chu,https://m.media-amazon.com/images/M/MV5BNzQ0NDgwODQ3NV5BMl5BanBnXkFtZTgwOTYxNjc2ODE@._V1_SX300.jpg,Lionsgate,"[{'Source': 'Internet Movie Database', 'Value': '6.5/10'}, {'Source': 'Rotten Tomatoes', 'Value': '34%'}, {'Source': 'Metacritic', 'Value': '46/100'}]","Ed Solomon (screenplay by), Ed Solomon (story by), Peter Chiarelli (story by), Boaz Yakin (based on characters created by), Edward Ricourt (based on characters created by)"
63,"Elle Fanning, Karl Glusman, Jena Malone, Bella Heathcote",N/A,Nicolas Winding Refn,https://m.media-amazon.com/images/M/MV5BNTAyOTkxNTQ3NV5BMl5BanBnXkFtZTgwMjQ1NzQxOTE@._V1_SX300.jpg,Space Rocket Nation,"[{'Source': 'Internet Movie Database', 'Value': '6.2/10'}, {'Source': 'Rotten Tomatoes', 'Value': '58%'}, {'Source': 'Metacritic', 'Value': '51/100'}]","Nicolas Winding Refn (story by), Nicolas Winding Refn (screenplay by), Mary Laws (screenplay by), Polly Stenham (screenplay by)"
64,"Dwayne Johnson, Kevin Hart, Amy Ryan, Danielle Nicolet","$127,380,061",Rawson Marshall Thurber,https://m.media-amazon.com/images/M/MV5BMjA2NzEzNjIwNl5BMl5BanBnXkFtZTgwNzgwMTEzNzE@._V1_SX300.jpg,Warner Bros. Pictures,"[{'Source': 'Internet Movie Database', 'Value': '6.3/10'}, {'Source': 'Rotten Tomatoes', 'Value': '70%'}, {'Source': 'Metacritic', 'Value': '52/100'}]","Ike Barinholtz (screenplay), David Stassen (screenplay), Rawson Marshall Thurber (screenplay), Ike Barinholtz (story), David Stassen (story)"
65,"Ellen DeGeneres, Albert Brooks, Ed O'Neill, Kaitlin Olson","$486,292,984","Andrew Stanton, Angus MacLane(co-director)",https://m.media-amazon.com/images/M/MV5BNzg4MjM2NDQ4MV5BMl5BanBnXkFtZTgwMzk3MTgyODE@._V1_SX300.jpg,Walt Disney Pictures/PIXAR,"[{'Source': 'Internet Movie Database', 'Value': '7.3/10'}, {'Source': 'Rotten Tomatoes', 'Value': '94%'}, {'Source': 'Metacritic', 'Value': '77/100'}]","Andrew Stanton (original story by), Andrew Stanton (screenplay by), Victoria Strouse (screenplay by), Bob Peterson (additional screenplay material by), Angus MacLane (additional story material by)"
66,"Louis C.K., Eric Stonestreet, Kevin Hart, Jenny Slate","$368,305,960","Chris Renaud, Yarrow Cheney(co-director)",https://m.media-amazon.com/images/M/MV5BMjIzMzA1OTkzNV5BMl5BanBnXkFtZTgwODE3MjM4NzE@._V1_SX300.jpg,Universal Pictures,"[{'Source': 'Internet Movie Database', 'Value': '6.5/10'}, {'Source': 'Rotten Tomatoes', 'Value': '73%'}, {'Source': 'Metacritic', 'Value': '61/100'}]","Cinco Paul, Ken Daurio, Brian Lynch"
67,"Liam Hemsworth, Jeff Goldblum, Jessie T. Usher, Bill Pullman","$103,137,295",Roland Emmerich,https://m.media-amazon.com/images/M/MV5BMjIyMTg5MTg4OV5BMl5BanBnXkFtZTgwMzkzMjY5NzE@._V1_SX300.jpg,20th Century Fox,"[{'Source': 'Internet Movie Database', 'Value': '5.2/10'}, {'Source': 'Rotten Tomatoes', 'Value': '29%'}, {'Source': 'Metacritic', 'Value': '32/100'}]","Nicolas Wright (screenplay by), James A. Woods (screenplay by), Dean Devlin (screenplay by), Roland Emmerich (screenplay by), James Vanderbilt (screenplay by), Dean Devlin (story by), Roland Emmerich (story by), Nicolas Wright (story by), James A. Woods (story by), Dean Devlin (based on characters created by), Roland Emmerich (based on characters created by)"
68,"Stephanie Beatriz, Robert Cardone, Neil deGrasse Tyson, Adam Devine","$64,060,187","Mike Thurmeier, Galen T. Chu(co-director)",https://m.media-amazon.com/images/M/MV5BMzFjYWM5NzgtMGIwMi00MmE3LWE3NTgtNmIwMmRkNmFmYzJkXkEyXkFqcGdeQXVyNDQ2MTMzODA@._V1_SX300.jpg,20th Century Fox,"[{'Source': 'Internet Movie Database', 'Value': '5.7/10'}, {'Source': 'Rotten Tomatoes', 'Value': '17%'}, {'Source': 'Metacritic', 'Value': '34/100'}]","Michael J. Wilson (screenplay), Michael Berg (screenplay), Yoni Brenner (screenplay), Aubrey Solomon (story)"
69,"Matthew McConaughey, Gugu Mbatha-Raw, Mahershala Ali, Keri Russell",N/A,Gary Ross,https://m.media-amazon.com/images/M/MV5BMTA4NTYyMTcwNTFeQTJeQWpwZ15BbWU4MDI0NTg0MDkx._V1_SX300.jpg,STX Entertainment,"[{'Source': 'Internet Movie Database', 'Value': '6.9/10'}, {'Source': 'Rotten Tomatoes', 'Value': '46%'}, {'Source': 'Metacritic', 'Value': '53/100'}]","Gary Ross (screenplay by), Leonard Hartman (story), Gary Ross (story)"
70,"Blake Lively, Óscar Jaenada, Angelo Josue Lozano Corzo, Joseph Salas","$55,121,623",Jaume Collet-Serra,https://m.media-amazon.com/images/M/MV5BMjA1MTA4MzU4Ml5BMl5BanBnXkFtZTgwNjUxNjczODE@._V1_SX300.jpg,Ombra Films,"[{'Source': 'Internet Movie Database', 'Value': '6.3/10'}, {'Source': 'Rotten Tomatoes', 'Value': '78%'}, {'Source': 'Metacritic', 'Value': '59/100'}]",Anthony Jaswinski
71,"Paul Dano, Daniel Radcliffe, Mary Elizabeth Winstead, Antonia Ribero","$4,208,879","Dan Kwan, Daniel Scheinert",https://m.media-amazon.com/images/M/MV5BMTk0OTEyMjM1OF5BMl5BanBnXkFtZTgwMzMzODM4ODE@._V1_SX300.jpg,Blackbird Films,"[{'Source': 'Internet Movie Database', 'Value': '7.0/10'}, {'Source': 'Rotten Tomatoes', 'Value': '71%'}, {'Source': 'Metacritic', 'Value': '64/100'}]","Daniel Scheinert, Dan Kwan"
72,"Alexander Skarsgård, Rory J. Saper, Christian Stevens, Christoph Waltz","$126,585,313",David Yates,https://m.media-amazon.com/images/M/MV5BMzY3OTI0OTcyMF5BMl5BanBnXkFtZTgwNjkxNTAwOTE@._V1_SX300.jpg,Lionsgate Pictures,"[{'Source': 'Internet Movie Database', 'Value': '6.3/10'}, {'Source': 'Rotten Tomatoes', 'Value': '36%'}, {'Source': 'Metacritic', 'Value': '44/100'}]","Adam Cozad (screenplay by), Craig Brewer (screenplay by), Craig Brewer (story by), Adam Cozad (story by), Edgar Rice Burroughs (based on the ""Tarzan"" stories created by)"
73,"Frank Grillo, Elizabeth Mitchell, Mykelti Williamson, Joseph Julian Soria",N/A,James DeMonaco,https://m.media-amazon.com/images/M/MV5BMjMxNzk2OTQ1OV5BMl5BanBnXkFtZTgwMTI2NjU5ODE@._V1_SX300.jpg,Universal Pictures,"[{'Source': 'Internet Movie Database', 'Value': '6.0/10'}, {'Source': 'Rotten Tomatoes', 'Value': '55%'}, {'Source': 'Metacritic', 'Value': '55/100'}]",James DeMonaco
74,"Viggo Mortensen, George MacKay, Samantha Isler, Annalise Basso","$5,875,006",Matt Ross,https://m.media-amazon.com/images/M/MV5BMjE5OTM0OTY5NF5BMl5BanBnXkFtZTgwMDcxOTQ3ODE@._V1_SX300.jpg,Electric City Entertainment,"[{'Source': 'Internet Movie Database', 'Value': '7.9/10'}, {'Source': 'Rotten Tomatoes', 'Value': '82%'}, {'Source': 'Metacritic', 'Value': '72/100'}]",Matt Ross
75,"Salman Khan, Anushka Sharma, Kubbra Sait, Ron Smoorenburg","$5,248,781",Ali Abbas Zafar,https://m.media-amazon.com/images/M/MV5BNDc0OTU3M2MtMGFhMi00ZGVlLWI4YmItODA1ZTc0OGY0NmJlXkEyXkFqcGdeQXVyNjQ2MjQ5NzM@._V1_SX300.jpg,Yash Raj Films,"[{'Source': 'Internet Movie Database', 'Value': '7.1/10'}, {'Source': 'Rotten Tomatoes', 'Value': '83%'}]",Ali Abbas Zafar
76,"Zac Efron, Adam Devine, Anna Kendrick, Aubrey Plaza","$46,007,113",Jake Szymanski,https://m.media-amazon.com/images/M/MV5BMjM4NDIxNzI5Nl5BMl5BanBnXkFtZTgwMTg4NTY5NzE@._V1_SX300.jpg,20th Century Fox,"[{'Source': 'Internet Movie Database', 'Value': '6.0/10'}, {'Source': 'Rotten Tomatoes', 'Value': '36%'}, {'Source': 'Metacritic', 'Value': '51/100'}]","Andrew Jay Cohen, Brendan O'Brien"
77,"Luke Wilson, Eddie Izzard, J.K. Simmons, Lewis Black",N/A,Ash Brannon,https://m.media-amazon.com/images/M/MV5BMjA5MTAwMzM3OF5BMl5BanBnXkFtZTgwNTk4NjYyMTI@._V1_SX300.jpg,N/A,"[{'Source': 'Internet Movie Database', 'Value': '5.9/10'}, {'Source': 'Metacritic', 'Value': '48/100'}]","Ash Brannon (screenplay by), Kurt Voelker (screenplay by), Ash Brannon (story by), Jun Zheng (story by), Jun Zheng (based on the graphic novel ""Tibetan Rock Dog"" by), Denise Bradley (additional story material), Vincente DiSanti (additional story material), Will Finn (additional story material), Carolyn Gair (additional story material), Nicole McMath (additional story material), Josh Zinman (additional story material)"
78,"Alistair Abell, Iris Apatow, Sugar Lyn Beard, Michael Cera","$97,661,826","Greg Tiernan, Conrad Vernon",https://m.media-amazon.com/images/M/MV5BMjkxOTk1MzY4MF5BMl5BanBnXkFtZTgwODQzOTU5ODE@._V1_SX300.jpg,Sony Pictures,"[{'Source': 'Internet Movie Database', 'Value': '6.2/10'}, {'Source': 'Rotten Tomatoes', 'Value': '82%'}, {'Source': 'Metacritic', 'Value': '66/100'}]","Kyle Hunter (screenplay by), Ariel Shaffir (screenplay by), Seth Rogen (screenplay by), Evan Goldberg (screenplay by), Seth Rogen (story by), Evan Goldberg (story by), Jonah Hill (story by)"
79,"Bryan Cranston, Leanne Best, Daniel Mays, Tom Vaughan-Lawlor","$15,425,870",Brad Furman,https://m.media-amazon.com/images/M/MV5BMTEwNzM2NjY2MTNeQTJeQWpwZ15BbWU4MDQ3MDI3Njgx._V1_SX300.jpg,Broad Green Pictures,"[{'Source': 'Internet Movie Database', 'Value': '7.0/10'}, {'Source': 'Rotten Tomatoes', 'Value': '71%'}, {'Source': 'Metacritic', 'Value': '66/100'}]","Ellen Furman (screenplay), Robert Mazur (based on the book on)"
80,"Zach Woods, Kristen Wiig, Ed Begley Jr., Charles Dance","$128,344,089",Paul Feig,https://m.media-amazon.com/images/M/MV5BMTg3OTM4NTM4NV5BMl5BanBnXkFtZTgwOTI3NDc0OTE@._V1_SX300.jpg,Sony Pictures,"[{'Source': 'Internet Movie Database', 'Value': '5.2/10'}, {'Source': 'Rotten Tomatoes', 'Value': '74%'}, {'Source': 'Metacritic', 'Value': '60/100'}]","Katie Dippold, Paul Feig, Ivan Reitman (based on the 1984 film ""Ghostbusters"" directed by), Dan Aykroyd (based on the 1984 film ""Ghostbusters"" written by), Harold Ramis (based on the 1984 film ""Ghostbusters"" written by)"
81,"Yoo Gong, Yu-mi Jung, Dong-seok Ma, Su-an Kim","$2,129,768",Sang-ho Yeon,https://m.media-amazon.com/images/M/MV5BMTkwOTQ4OTg0OV5BMl5BanBnXkFtZTgwMzQyOTM0OTE@._V1_SX300.jpg,Redpeter Film,"[{'Source': 'Internet Movie Database', 'Value': '7.5/10'}, {'Source': 'Rotten Tomatoes', 'Value': '95%'}, {'Source': 'Metacritic', 'Value': '72/100'}]","Joo-Suk Park, Sang-ho Yeon (screenplay)"
82,"Kevin Conroy, Mark Hamill, Tara Strong, Ray Wise","$442,331",Sam Liu,https://m.media-amazon.com/images/M/MV5BMTdjZTliODYtNWExMi00NjQ1LWIzN2MtN2Q5NTg5NTk3NzliL2ltYWdlXkEyXkFqcGdeQXVyNTAyODkwOQ@@._V1_SX300.jpg,The Answer Studio,"[{'Source': 'Internet Movie Database', 'Value': '6.5/10'}, {'Source': 'Rotten Tomatoes', 'Value': '39%'}]","Brian Azzarello, Brian Bolland (based on the graphic novel illustrated by), Bob Kane (Batman created by), Bill Finger (Batman created by)"
83,"Matt Damon, Tommy Lee Jones, Alicia Vikander, Vincent Cassel","$162,162,120",Paul Greengrass,https://m.media-amazon.com/images/M/MV5BNGJlYjVkMjQtN2NlZC00NTJhLThmZjItMTRlZDczMmE3YmI3XkEyXkFqcGdeQXVyMzI0NDc4ODY@._V1_SX300.jpg,Universal,"[{'Source': 'Internet Movie Database', 'Value': '6.6/10'}, {'Source': 'Rotten Tomatoes', 'Value': '55%'}, {'Source': 'Metacritic', 'Value': '58/100'}]","Paul Greengrass, Christopher Rouse, Robert Ludlum (based on characters created by)"
84,"Emma Roberts, Dave Franco, Emily Meade, Miles Heizer","$38,562,379","Henry Joost, Ariel Schulman",https://m.media-amazon.com/images/M/MV5BMTUzOTg1OTM4NV5BMl5BanBnXkFtZTgwMTg2Mjg0OTE@._V1_SX300.jpg,Keep Your Head,"[{'Source': 'Internet Movie Database', 'Value': '6.5/10'}, {'Source': 'Rotten Tomatoes', 'Value': '67%'}, {'Source': 'Metacritic', 'Value': '58/100'}]","Jessica Sharzer (screenplay by), Jeanne Ryan (based on the novel by)"
85,"Mila Kunis, Kathryn Hahn, Kristen Bell, Christina Applegate","$113,217,955","Jon Lucas, Scott Moore",https://m.media-amazon.com/images/M/MV5BMjIwNzE5MTgwNl5BMl5BanBnXkFtZTgwNjM4OTA0OTE@._V1_SX300.jpg,Block Entertainment,"[{'Source': 'Internet Movie Database', 'Value': '6.2/10'}, {'Source': 'Rotten Tomatoes', 'Value': '58%'}, {'Source': 'Metacritic', 'Value': '60/100'}]","Jon Lucas, Scott Moore"
86,"Will Smith, Jaime FitzSimons, Ike Barinholtz, Margot Robbie","$325,021,779",David Ayer,https://m.media-amazon.com/images/M/MV5BMjM1OTMxNzUyM15BMl5BanBnXkFtZTgwNjYzMTIzOTE@._V1_SX300.jpg,Warner Bros. Pictures,"[{'Source': 'Internet Movie Database', 'Value': '6.1/10'}, {'Source': 'Rotten Tomatoes', 'Value': '27%'}, {'Source': 'Metacritic', 'Value': '40/100'}]",David Ayer
87,"Kevin Spacey, Jennifer Garner, Robbie Amell, Cheryl Hines","$19,637,449",Barry Sonnenfeld,https://m.media-amazon.com/images/M/MV5BMzEzMjkwMjc3NV5BMl5BanBnXkFtZTgwMzc0NjY5ODE@._V1_SX300.jpg,EuropaCorp,"[{'Source': 'Internet Movie Database', 'Value': '5.3/10'}, {'Source': 'Rotten Tomatoes', 'Value': '14%'}, {'Source': 'Metacritic', 'Value': '11/100'}]","Gwyn Lurie, Matt Allen, Caleb Wilson, Dan Antoniazzi, Ben Shiffrin"
88,"Bryce Dallas Howard, Robert Redford, Oakes Fegley, Oona Laurence","$76,228,119",David Lowery,https://m.media-amazon.com/images/M/MV5BMjA4NDYxNzYzOF5BMl5BanBnXkFtZTgwNzU1NzcwODE@._V1_SX300.jpg,Walt Disney Pictures,"[{'Source': 'Internet Movie Database', 'Value': '6.7/10'}, {'Source': 'Rotten Tomatoes', 'Value': '88%'}, {'Source': 'Metacritic', 'Value': '71/100'}]","David Lowery (screenplay by), Toby Halbrooks (screenplay by), Malcolm Marmorstein (based on a screenplay by), Seton I. Miller (based on a story by), S.S. Field (based on a story by)"
89,"Dale Dickey, Ben Foster, Chris Pine, William Sterchi","$26,973,524",David Mackenzie,https://m.media-amazon.com/images/M/MV5BMTg4NDA1OTA5NF5BMl5BanBnXkFtZTgwMDQ2MDM5ODE@._V1_SX300.jpg,Film 44,"[{'Source': 'Internet Movie Database', 'Value': '7.6/10'}, {'Source': 'Rotten Tomatoes', 'Value': '97%'}, {'Source': 'Metacritic', 'Value': '88/100'}]",Taylor Sheridan
90,"Jamie Dornan, Cillian Murphy, Brian Caspe, Karel Hermánek Jr.","$2,959,288",Sean Ellis,https://m.media-amazon.com/images/M/MV5BMjIxNzE0NjY1Nl5BMl5BanBnXkFtZTgwNjYzOTkxOTE@._V1_SX300.jpg,LD Entertainment,"[{'Source': 'Internet Movie Database', 'Value': '7.2/10'}, {'Source': 'Rotten Tomatoes', 'Value': '66%'}, {'Source': 'Metacritic', 'Value': '59/100'}]","Sean Ellis, Anthony Frewin"
91,"Jack Huston, Toby Kebbell, Rodrigo Santoro, Nazanin Boniadi","$26,384,681",Timur Bekmambetov,https://m.media-amazon.com/images/M/MV5BMjQ2NzYxMDQ2OV5BMl5BanBnXkFtZTgwMDk2MzczOTE@._V1_SX300.jpg,Paramount Pictures,"[{'Source': 'Internet Movie Database', 'Value': '5.7/10'}, {'Source': 'Rotten Tomatoes', 'Value': '25%'}, {'Source': 'Metacritic', 'Value': '38/100'}]","Lew Wallace (based on the novel by), Keith R. Clarke (screenplay), John Ridley (screenplay)"
92,"Miles Teller, Steve Lantz, Gregg Weiner, David Packouz","$43,017,433",Todd Phillips,https://m.media-amazon.com/images/M/MV5BMjEyNzQ0NzM4MV5BMl5BanBnXkFtZTgwMDI0ODM2OTE@._V1_SX300.jpg,Warner Bros. Pictures,"[{'Source': 'Internet Movie Database', 'Value': '7.1/10'}, {'Source': 'Rotten Tomatoes', 'Value': '60%'}, {'Source': 'Metacritic', 'Value': '57/100'}]","Stephen Chin (screenplay), Todd Phillips (screenplay), Jason Smilovic (screenplay), Guy Lawson (Rolling Stone article ""Arms and the Dudes"")"
93,"Art Parkinson, Charlize Theron, Brenda Vaccaro, Cary-Hiroyuki Tagawa","$48,019,281",Travis Knight,https://m.media-amazon.com/images/M/MV5BMjA2Mzg2NDMzNl5BMl5BanBnXkFtZTgwMjcwODUzOTE@._V1_SX300.jpg,Focus Features,"[{'Source': 'Internet Movie Database', 'Value': '7.8/10'}, {'Source': 'Rotten Tomatoes', 'Value': '97%'}, {'Source': 'Metacritic', 'Value': '84/100'}]","Marc Haimes (screenplay by), Chris Butler (screenplay by), Shannon Tindle (story by), Marc Haimes (story by)"
94,"Stephen Lang, Jane Levy, Dylan Minnette, Daniel Zovatto","$89,210,468",Fede Alvarez,https://m.media-amazon.com/images/M/MV5BZGI5ZTU2M2YtZWY4MC00ZDFhLTliYTItZTk1NjdlN2NkMzg2XkEyXkFqcGdeQXVyMjY5ODI4NDk@._V1_SX300.jpg,Ghost House Pictures,"[{'Source': 'Internet Movie Database', 'Value': '7.1/10'}, {'Source': 'Rotten Tomatoes', 'Value': '88%'}, {'Source': 'Metacritic', 'Value': '71/100'}]","Fede Alvarez, Rodo Sayagues"
95,"Kate Mara, Anya Taylor-Joy, Rose Leslie, Michael Yare","$3,912,052",Luke Scott,https://m.media-amazon.com/images/M/MV5BMjA1MjYyNDkxN15BMl5BanBnXkFtZTgwMTgxODAwOTE@._V1_SX300.jpg,Scott Free Films,"[{'Source': 'Internet Movie Database', 'Value': '5.8/10'}, {'Source': 'Rotten Tomatoes', 'Value': '37%'}, {'Source': 'Metacritic', 'Value': '48/100'}]",Seth W. Owen
96,"Tom Hanks, Aaron Eckhart, Valerie Mahaffey, Delphi Harrington","$125,065,700",Clint Eastwood,https://m.media-amazon.com/images/M/MV5BY2NmZDAwM2QtZmFiMS00OTJlLTgxMTItZDMyZmVhYjE1MDY3XkEyXkFqcGdeQXVyMTMxODk2OTU@._V1_SX300.jpg,Warner Bros.,"[{'Source': 'Internet Movie Database', 'Value': '7.5/10'}, {'Source': 'Rotten Tomatoes', 'Value': '86%'}, {'Source': 'Metacritic', 'Value': '74/100'}]","Todd Komarnicki, Chesley Sullenberger (based on the book ""Highest Duty"" by), Jeffrey Zaslow (based on the book ""Highest Duty"" by)"
97,"Nate Parker, Armie Hammer, Penelope Ann Miller, Jackie Earle Haley","$15,849,340",Nate Parker,https://m.media-amazon.com/images/M/MV5BMTU5MjI3NzQxMl5BMl5BanBnXkFtZTgwMTUwNjYyOTE@._V1_SX300.jpg,Fox Searchlight Pictures,"[{'Source': 'Internet Movie Database', 'Value': '6.4/10'}, {'Source': 'Rotten Tomatoes', 'Value': '72%'}, {'Source': 'Metacritic', 'Value': '69/100'}]","Nate Parker (screenplay by), Nate Parker (story by), Jean McGianni Celestin (story by)"
98,"Denzel Washington, Chris Pratt, Ethan Hawke, Vincent D'Onofrio","$93,381,044",Antoine Fuqua,https://m.media-amazon.com/images/M/MV5BMTUzNTc0NTAyM15BMl5BanBnXkFtZTgwMTk1ODA5OTE@._V1_SX300.jpg,Sony Pictures,"[{'Source': 'Internet Movie Database', 'Value': '6.9/10'}, {'Source': 'Rotten Tomatoes', 'Value': '64%'}, {'Source': 'Metacritic', 'Value': '54/100'}]","Akira Kurosawa (based on the screenplay by), Shinobu Hashimoto (based on the screenplay by), Hideo Oguni (based on the screenplay by), Nic Pizzolatto (screenplay), Richard Wenk (screenplay)"
99,"Melissa Leo, Zachary Quinto, Joseph Gordon-Levitt, Jaymes Butler","$21,562,346",Oliver Stone,https://m.media-amazon.com/images/M/MV5BMTg2MzYzNzgzOF5BMl5BanBnXkFtZTgwOTg4NzQ4OTE@._V1_SX300.jpg,Open Road Films,"[{'Source': 'Internet Movie Database', 'Value': '7.3/10'}, {'Source': 'Rotten Tomatoes', 'Value': '60%'}, {'Source': 'Metacritic', 'Value': '58/100'}]","Kieran Fitzgerald (screenplay by), Oliver Stone (screenplay by), Luke Harding (book), Anatoly Kucherena (book)"
100,"James Allen McCune, Callie Hernandez, Corbin Reid, Brandon Scott","$20,747,013",Adam Wingard,https://m.media-amazon.com/images/M/MV5BMjI0NTEyMjA3NV5BMl5BanBnXkFtZTgwODk5OTU4OTE@._V1_SX300.jpg,Vertigo Entertainment,"[{'Source': 'Internet Movie Database', 'Value': '5.0/10'}, {'Source': 'Rotten Tomatoes', 'Value': '37%'}, {'Source': 'Metacritic', 'Value': '47/100'}]",Simon Barrett
101,"Sheri Moon Zombie, Jeff Daniel Phillips, Lawrence-Hilton Jacobs, Meg Foster","$779,820",Rob Zombie,https://m.media-amazon.com/images/M/MV5BNTE0NTMzNjE0NV5BMl5BanBnXkFtZTgwMzM4NTM3OTE@._V1_SX300.jpg,Bow and Arrow Entertainment,"[{'Source': 'Internet Movie Database', 'Value': '5.1/10'}, {'Source': 'Rotten Tomatoes', 'Value': '49%'}, {'Source': 'Metacritic', 'Value': '35/100'}]",Rob Zombie
102,"Eva Green, Asa Butterfield, Samuel L. Jackson, Judi Dench","$87,240,689",Tim Burton,https://m.media-amazon.com/images/M/MV5BMTU0Nzc5NzI5NV5BMl5BanBnXkFtZTgwNTk1MDE4MDI@._V1_SX300.jpg,20th Century Fox,"[{'Source': 'Internet Movie Database', 'Value': '6.7/10'}, {'Source': 'Rotten Tomatoes', 'Value': '65%'}, {'Source': 'Metacritic', 'Value': '57/100'}]","Ransom Riggs (based upon the novel written by), Jane Goldman (screenplay by)"
103,"Mark Wahlberg, Kurt Russell, Douglas M. Griffin, James DuMont","$73,098,411",Peter Berg,https://m.media-amazon.com/images/M/MV5BOTEzNDU0OTgxM15BMl5BanBnXkFtZTgwNjA0ODM2OTE@._V1_SX300.jpg,Lionsgate,"[{'Source': 'Internet Movie Database', 'Value': '7.1/10'}, {'Source': 'Rotten Tomatoes', 'Value': '83%'}, {'Source': 'Metacritic', 'Value': '68/100'}]","Matthew Michael Carnahan (screenplay by), Matthew Sand (screenplay by), Matthew Sand (screen story), David Barstow (based upon an article by), David Rohde (based upon an article by), Stephanie Saul (based upon an article by)"
104,"Emily Blunt, Haley Bennett, Rebecca Ferguson, Justin Theroux","$75,311,445",Tate Taylor,https://m.media-amazon.com/images/M/MV5BNzFlMjA0ZmUtZWI0Mi00ZGJkLTlmMmYtZmE1ODZiMjhjMGM0XkEyXkFqcGdeQXVyMTMxODk2OTU@._V1_SX300.jpg,Universal Pictures,"[{'Source': 'Internet Movie Database', 'Value': '6.5/10'}, {'Source': 'Rotten Tomatoes', 'Value': '45%'}, {'Source': 'Metacritic', 'Value': '48/100'}]","Erin Cressida Wilson (screenplay by), Paula Hawkins (based on the novel by)"
105,"Andrew Garfield, Richard Pyros, Jacob Warner, Milo Gibson","$67,115,062",Mel Gibson,https://m.media-amazon.com/images/M/MV5BMjQ1NjM3MTUxNV5BMl5BanBnXkFtZTgwMDc5MTY5OTE@._V1_SX300.jpg,Summit Entertainment,"[{'Source': 'Internet Movie Database', 'Value': '8.1/10'}, {'Source': 'Rotten Tomatoes', 'Value': '86%'}, {'Source': 'Metacritic', 'Value': '71/100'}]","Robert Schenkkan (screenplay by), Andrew Knight (screenplay by)"
106,"Lewis MacDougall, Sigourney Weaver, Felicity Jones, Toby Kebbell","$3,730,982",J.A. Bayona,https://m.media-amazon.com/images/M/MV5BMTg1OTA5OTkyNV5BMl5BanBnXkFtZTgwODMwNDU5OTE@._V1_SX300.jpg,Focus Features,"[{'Source': 'Internet Movie Database', 'Value': '7.5/10'}, {'Source': 'Rotten Tomatoes', 'Value': '86%'}, {'Source': 'Metacritic', 'Value': '76/100'}]","Patrick Ness (screenplay by), Patrick Ness (based upon the novel written by), Siobhan Dowd (from an original idea by)"
107,"Gaspard Schlatter, Sixtine Murat, Paulin Jaccoud, Michel Vuillermoz","$279,912",Claude Barras,https://m.media-amazon.com/images/M/MV5BMGZhZTMxNWItZDU1Yi00NmM4LTk3NzktZGU5Nzk0ZjdlZjQ4XkEyXkFqcGdeQXVyNTAyODkwOQ@@._V1_SX300.jpg,Rita Productions,"[{'Source': 'Internet Movie Database', 'Value': '7.8/10'}, {'Source': 'Rotten Tomatoes', 'Value': '98%'}, {'Source': 'Metacritic', 'Value': '85/100'}]","Céline Sciamma (screenplay writer), Germano Zullo (contributing writer), Claude Barras (contributing writer), Morgan Navarro (contributing writer), Gilles Paris (novel), Michael Sinterniklaas (english script adaptation), Christian La Monte (english script adaptation)"
108,"Tom Hanks, Felicity Jones, Omar Sy, Irrfan Khan","$34,307,024",Ron Howard,https://m.media-amazon.com/images/M/MV5BMTUzNTE2NTkzMV5BMl5BanBnXkFtZTgwMDAzOTUyMDI@._V1_SX300.jpg,Sony Pictures,"[{'Source': 'Internet Movie Database', 'Value': '6.2/10'}, {'Source': 'Rotten Tomatoes', 'Value': '23%'}, {'Source': 'Metacritic', 'Value': '42/100'}]","Dan Brown (based in part on the novel by), David Koepp (screenplay by)"
109,"Ben Affleck, Anna Kendrick, J.K. Simmons, Jon Bernthal","$86,198,014",Gavin O'Connor,https://m.media-amazon.com/images/M/MV5BNjFmN2UwYWEtMmNiNi00YTU5LThiM2YtMmU4YzYzYTA3YWFjXkEyXkFqcGdeQXVyNzQ1ODk3MTQ@._V1_SX300.jpg,Warner Bros. Pictures,"[{'Source': 'Internet Movie Database', 'Value': '7.3/10'}, {'Source': 'Rotten Tomatoes', 'Value': '51%'}, {'Source': 'Metacritic', 'Value': '51/100'}]",Bill Dubuque
110,"Charlie Hunnam, Robert Pattinson, Sienna Miller, Tom Holland","$8,554,554",James Gray,https://m.media-amazon.com/images/M/MV5BMjQzNTk3MTkyNF5BMl5BanBnXkFtZTgwMDA2MDQzMTI@._V1_SX300.jpg,Amazon Studios/Bleecker Street Media,"[{'Source': 'Internet Movie Database', 'Value': '6.6/10'}, {'Source': 'Rotten Tomatoes', 'Value': '86%'}, {'Source': 'Metacritic', 'Value': '78/100'}]","James Gray (written for the screen by), David Grann (based on the book by)"
111,"Tom Cruise, Cobie Smulders, Aldis Hodge, Danika Yarosh","$58,676,235",Edward Zwick,https://m.media-amazon.com/images/M/MV5BODQ3ODQ3NDI4NV5BMl5BanBnXkFtZTgwMDY1Mzk5OTE@._V1_SX300.jpg,Paramount Pictures,"[{'Source': 'Internet Movie Database', 'Value': '6.1/10'}, {'Source': 'Rotten Tomatoes', 'Value': '38%'}, {'Source': 'Metacritic', 'Value': '47/100'}]","Richard Wenk (screenplay), Edward Zwick (screenplay), Marshall Herskovitz (screenplay), Lee Child (book)"
112,"Zach Galifianakis, Isla Fisher, Jon Hamm, Gal Gadot","$14,896,798",Greg Mottola,https://m.media-amazon.com/images/M/MV5BNDU2OTU1NzE2Ml5BMl5BanBnXkFtZTgwMDQzMzgwMDI@._V1_SX300.jpg,20th Century Fox,"[{'Source': 'Internet Movie Database', 'Value': '5.9/10'}, {'Source': 'Rotten Tomatoes', 'Value': '18%'}, {'Source': 'Metacritic', 'Value': '34/100'}]",Michael LeSieur
113,"Annalise Basso, Elizabeth Reaser, Lulu Wilson, Henry Thomas","$34,904,885",Mike Flanagan,https://m.media-amazon.com/images/M/MV5BMTk4NTcxNTQ5NF5BMl5BanBnXkFtZTgwNTk5OTU4OTE@._V1_SX300.jpg,Universal Pictures,"[{'Source': 'Internet Movie Database', 'Value': '6.1/10'}, {'Source': 'Rotten Tomatoes', 'Value': '82%'}, {'Source': 'Metacritic', 'Value': '65/100'}]","Mike Flanagan, Jeff Howard, Juliet Snowden (based on characters created by), Stiles White (based on characters created by)"
114,"Mahershala Ali, Shariff Earp, Duan Sanderson, Alex R. Hibbert","$27,850,910",Barry Jenkins,https://m.media-amazon.com/images/M/MV5BNzQxNTIyODAxMV5BMl5BanBnXkFtZTgwNzQyMDA3OTE@._V1_SX300.jpg,A24 Films,"[{'Source': 'Internet Movie Database', 'Value': '7.4/10'}, {'Source': 'Rotten Tomatoes', 'Value': '98%'}, {'Source': 'Metacritic', 'Value': '99/100'}]","Barry Jenkins (screenplay by), Tarell Alvin McCraney (story by)"
115,"Masey McLain, Ben Davies, Cameron McKendry, Terri Minton","$2,080,932",Brian Baugh,https://m.media-amazon.com/images/M/MV5BMDA0MDk5M2ItMDc5Yy00ZjVlLTg4YTYtMmRkMjc4ZDg4ZjU2XkEyXkFqcGdeQXVyNDY3NDM0ODE@._V1_SX300.jpg,Visible Pictures,"[{'Source': 'Internet Movie Database', 'Value': '5.9/10'}, {'Source': 'Rotten Tomatoes', 'Value': '20%'}, {'Source': 'Metacritic', 'Value': '31/100'}]","Philipa A. Booyens, Robin Hanley (screenwriter), Robin Hanley, Kari Redmond, Bodie Thoene (screenplay), Bodie Thoene (screenwriter), Bodie Thoene"
116,"Benedict Cumberbatch, Chiwetel Ejiofor, Rachel McAdams, Benedict Wong","$232,630,718",Scott Derrickson,https://m.media-amazon.com/images/M/MV5BNjgwNzAzNjk1Nl5BMl5BanBnXkFtZTgwMzQ2NjI1OTE@._V1_SX300.jpg,Walt Disney Pictures,"[{'Source': 'Internet Movie Database', 'Value': '7.5/10'}, {'Source': 'Rotten Tomatoes', 'Value': '89%'}, {'Source': 'Metacritic', 'Value': '72/100'}]","Jon Spaihts, Scott Derrickson, C. Robert Cargill, Stan Lee (based on the Marvel comics by), Steve Ditko (based on the Marvel comics by)"
117,"Amy Adams, Jake Gyllenhaal, Michael Shannon, Aaron Taylor-Johnson","$10,639,114",Tom Ford,https://m.media-amazon.com/images/M/MV5BMTYwMzMwMzgxNl5BMl5BanBnXkFtZTgwMTA0MTUzMDI@._V1_SX300.jpg,Focus Features,"[{'Source': 'Internet Movie Database', 'Value': '7.5/10'}, {'Source': 'Rotten Tomatoes', 'Value': '73%'}, {'Source': 'Metacritic', 'Value': '67/100'}]","Tom Ford (screenplay by), Austin Wright (novel)"
118,"Ruth Negga, Joel Edgerton, Will Dalton, Dean Mumford","$7,696,098",Jeff Nichols,https://m.media-amazon.com/images/M/MV5BMjE4NTI3NjIzOF5BMl5BanBnXkFtZTgwNjI0NTI5ODE@._V1_SX300.jpg,Big Beach Films,"[{'Source': 'Internet Movie Database', 'Value': '7.0/10'}, {'Source': 'Rotten Tomatoes', 'Value': '89%'}, {'Source': 'Metacritic', 'Value': '79/100'}]",Jeff Nichols
119,"Miles Teller, Aaron Eckhart, Katey Sagal, Ciarán Hinds","$5,051,927",Ben Younger,https://m.media-amazon.com/images/M/MV5BMjAwNzgyNTUxMF5BMl5BanBnXkFtZTgwNzc0ODc1OTE@._V1_SX300.jpg,Open Road Films,"[{'Source': 'Internet Movie Database', 'Value': '6.8/10'}, {'Source': 'Rotten Tomatoes', 'Value': '69%'}, {'Source': 'Metacritic', 'Value': '62/100'}]","Ben Younger (screenplay by), Ben Younger (story by), Pippa Bianco (story by), Angelo Pizzo (story by)"
120,"Amy Adams, Jeremy Renner, Forest Whitaker, Michael Stuhlbarg","$100,501,349",Denis Villeneuve,https://m.media-amazon.com/images/M/MV5BMTExMzU0ODcxNDheQTJeQWpwZ15BbWU4MDE1OTI4MzAy._V1_SX300.jpg,21 Laps Entertainment,"[{'Source': 'Internet Movie Database', 'Value': '7.9/10'}, {'Source': 'Rotten Tomatoes', 'Value': '94%'}, {'Source': 'Metacritic', 'Value': '81/100'}]","Eric Heisserer (screenplay by), Ted Chiang (based on the story ""Story of Your Life"" written by)"
121,"Danny Glover, Gabrielle Union, Mo'Nique, Kimberly Elise","$41,715,860",David E. Talbert,https://m.media-amazon.com/images/M/MV5BMjM1MTkwNTQ1Ml5BMl5BanBnXkFtZTgwNTc5ODgxOTE@._V1_SX300.jpg,Will Packer Productions,"[{'Source': 'Internet Movie Database', 'Value': '6.1/10'}, {'Source': 'Rotten Tomatoes', 'Value': '51%'}, {'Source': 'Metacritic', 'Value': '55/100'}]",David E. Talbert
122,"James McAvoy, Anya Taylor-Joy, Betty Buckley, Haley Lu Richardson","$138,120,085",M. Night Shyamalan,https://m.media-amazon.com/images/M/MV5BZTJiNGM2NjItNDRiYy00ZjY0LTgwNTItZDBmZGRlODQ4YThkL2ltYWdlXkEyXkFqcGdeQXVyMjY5ODI4NDk@._V1_SX300.jpg,Universal Pictures,"[{'Source': 'Internet Movie Database', 'Value': '7.3/10'}, {'Source': 'Rotten Tomatoes', 'Value': '77%'}, {'Source': 'Metacritic', 'Value': '62/100'}]",M. Night Shyamalan
123,"Eddie Redmayne, Sam Redford, Scott Goldman, Tim Bentinck","$234,018,657",David Yates,https://m.media-amazon.com/images/M/MV5BMjMxOTM1OTI4MV5BMl5BanBnXkFtZTgwODE5OTYxMDI@._V1_SX300.jpg,Warner Bros. Pictures,"[{'Source': 'Internet Movie Database', 'Value': '7.3/10'}, {'Source': 'Rotten Tomatoes', 'Value': '74%'}, {'Source': 'Metacritic', 'Value': '66/100'}]",J.K. Rowling
124,"Brad Pitt, Vincent Ebrahim, Xavier de Guillebon, Marion Cotillard","$40,069,087",Robert Zemeckis,https://m.media-amazon.com/images/M/MV5BZWEyMzg4ZWUtYmZhMC00Yjk2LWEyYjktODVmN2M3YTA2ZmNjXkEyXkFqcGdeQXVyNjQ2Mjg3OTI@._V1_SX300.jpg,Paramount Pictures,"[{'Source': 'Internet Movie Database', 'Value': '7.1/10'}, {'Source': 'Rotten Tomatoes', 'Value': '61%'}, {'Source': 'Metacritic', 'Value': '60/100'}]",Steven Knight
125,"Hailee Steinfeld, Haley Lu Richardson, Blake Jenner, Kyra Sedgwick","$14,260,193",Kelly Fremon Craig,https://m.media-amazon.com/images/M/MV5BODE2NjE4NjYyMV5BMl5BanBnXkFtZTgwNzk3MjQ0OTE@._V1_SX300.jpg,STX Entertainment,"[{'Source': 'Internet Movie Database', 'Value': '7.3/10'}, {'Source': 'Rotten Tomatoes', 'Value': '94%'}, {'Source': 'Metacritic', 'Value': '77/100'}]",Kelly Fremon Craig
126,"Billy Bob Thornton, Kathy Bates, Tony Cox, Christina Hendricks","$17,664,973",Mark Waters,https://m.media-amazon.com/images/M/MV5BMjM2MjE5Mzc4OF5BMl5BanBnXkFtZTgwMjc3NjEyMDI@._V1_SX300.jpg,Miramax/Broad Green,"[{'Source': 'Internet Movie Database', 'Value': '5.6/10'}, {'Source': 'Rotten Tomatoes', 'Value': '23%'}, {'Source': 'Metacritic', 'Value': '38/100'}]","Johnny Rosenthal, Shauna Cross, Glenn Ficarra (based on characters created by), John Requa (based on characters created by)"
127,"Auli'i Cravalho, Dwayne Johnson, Rachel House, Temuera Morrison","$248,752,120","Ron Clements, John Musker, Don Hall(co-director), Chris Williams(co-director)",https://m.media-amazon.com/images/M/MV5BMjI4MzU5NTExNF5BMl5BanBnXkFtZTgwNzY1MTEwMDI@._V1_SX300.jpg,Walt Disney Pictures,"[{'Source': 'Internet Movie Database', 'Value': '7.6/10'}, {'Source': 'Rotten Tomatoes', 'Value': '95%'}, {'Source': 'Metacritic', 'Value': '81/100'}]","Jared Bush (screenplay by), Ron Clements (story by), John Musker (story by), Chris Williams (story by), Don Hall (story by), Pamela Ribon (story by), Aaron Kandell (story by), Jordan Kandell (story by)"
128,"Matthew McConaughey, Reese Witherspoon, Seth MacFarlane, Scarlett Johansson","$270,322,940","Garth Jennings, Christophe Lourdelet(co-director)",https://m.media-amazon.com/images/M/MV5BMTYzODYzODU2Ml5BMl5BanBnXkFtZTgwNTc1MTA2NzE@._V1_SX300.jpg,Illumination Entertainment,"[{'Source': 'Internet Movie Database', 'Value': '7.1/10'}, {'Source': 'Rotten Tomatoes', 'Value': '72%'}, {'Source': 'Metacritic', 'Value': '59/100'}]",Garth Jennings
129,"Sunny Pawar, Abhishek Bharate, Priyanka Bose, Khushi Solanki","$51,694,854",Garth Davis,https://m.media-amazon.com/images/M/MV5BMjA3NjkzNjg2MF5BMl5BanBnXkFtZTgwMDkyMzgzMDI@._V1_SX300.jpg,See-Saw Films,"[{'Source': 'Internet Movie Database', 'Value': '8.1/10'}, {'Source': 'Rotten Tomatoes', 'Value': '85%'}, {'Source': 'Metacritic', 'Value': '69/100'}]","Saroo Brierley (adapted from the book ""A Long Way Home"" by), Luke Davies (screenplay by)"
130,"Michael Keaton, Nick Offerman, John Carroll Lynch, Linda Cardellini","$12,785,093",John Lee Hancock,https://m.media-amazon.com/images/M/MV5BMzExNDg0MDk1M15BMl5BanBnXkFtZTgwNzE1Mjg0MDI@._V1_SX300.jpg,The Weinstein Company,"[{'Source': 'Internet Movie Database', 'Value': '7.2/10'}, {'Source': 'Rotten Tomatoes', 'Value': '82%'}, {'Source': 'Metacritic', 'Value': '66/100'}]",Robert Siegel
131,"Jason Bateman, Olivia Munn, T.J. Miller, Jennifer Aniston","$54,730,514","Josh Gordon, Will Speck",https://m.media-amazon.com/images/M/MV5BNTI2MDE5MjQ3MV5BMl5BanBnXkFtZTgwNjA0MTUzMDI@._V1_SX300.jpg,Paramount Pictures,"[{'Source': 'Internet Movie Database', 'Value': '5.8/10'}, {'Source': 'Rotten Tomatoes', 'Value': '41%'}, {'Source': 'Metacritic', 'Value': '42/100'}]","Jon Lucas (story by), Scott Moore (story by), Timothy Dowling (story by), Justin Malen (screenplay by), Laura Solon (screenplay by), Dan Mazer (screenplay by)"
132,"Jessica Chastain, David Wilson Barnes, John Lithgow, Alison Pill","$3,439,171",John Madden,https://m.media-amazon.com/images/M/MV5BMTAyODY4Njc4MjBeQTJeQWpwZ15BbWU4MDI0NTIzMDAy._V1_SX300.jpg,EuropaCorp,"[{'Source': 'Internet Movie Database', 'Value': '7.5/10'}, {'Source': 'Rotten Tomatoes', 'Value': '76%'}, {'Source': 'Metacritic', 'Value': '64/100'}]",Jonathan Perera
133,"Kate Beckinsale, Theo James, Tobias Menzies, Lara Pulver","$30,348,260",Anna Foerster,https://m.media-amazon.com/images/M/MV5BMjI5Njk0NTIyNV5BMl5BanBnXkFtZTgwNjU4MjY5MDI@._V1_SX300.jpg,Lakeshore Entertainment,"[{'Source': 'Internet Movie Database', 'Value': '5.8/10'}, {'Source': 'Rotten Tomatoes', 'Value': '20%'}, {'Source': 'Metacritic', 'Value': '23/100'}]","Cory Goodman (screenplay by), Kyle Ward (story by), Cory Goodman (story by), Kevin Grevioux (based on characters created by), Len Wiseman (based on characters created by), Danny McBride (based on characters created by)"
134,"Ryan Gosling, Emma Stone, Amiée Conn, Terry Walters","$151,058,124",Damien Chazelle,https://m.media-amazon.com/images/M/MV5BMzUzNDM2NzM2MV5BMl5BanBnXkFtZTgwNTM3NTg4OTE@._V1_SX300.jpg,Liongate Films,"[{'Source': 'Internet Movie Database', 'Value': '8.0/10'}, {'Source': 'Rotten Tomatoes', 'Value': '91%'}, {'Source': 'Metacritic', 'Value': '93/100'}]",Damien Chazelle
135,"Natalie Portman, Peter Sarsgaard, Greta Gerwig, Billy Crudup","$13,958,679",Pablo Larraín,https://m.media-amazon.com/images/M/MV5BMzg4MjYzNjk5N15BMl5BanBnXkFtZTgwODgwODI3MDI@._V1_SX300.jpg,Fox Searchlight Pictures,"[{'Source': 'Internet Movie Database', 'Value': '6.7/10'}, {'Source': 'Rotten Tomatoes', 'Value': '87%'}, {'Source': 'Metacritic', 'Value': '81/100'}]",Noah Oppenheim
136,"Will Smith, Edward Norton, Kate Winslet, Michael Peña","$30,982,955",David Frankel,https://m.media-amazon.com/images/M/MV5BMTQ5ODE4MTY2NV5BMl5BanBnXkFtZTgwMzM2NzEzMDI@._V1_SX300.jpg,New Line Cinema,"[{'Source': 'Internet Movie Database', 'Value': '6.8/10'}, {'Source': 'Rotten Tomatoes', 'Value': '14%'}, {'Source': 'Metacritic', 'Value': '23/100'}]",Allan Loeb
137,"Taraji P. Henson, Octavia Spencer, Janelle Monáe, Kevin Costner","$169,385,416",Theodore Melfi,https://m.media-amazon.com/images/M/MV5BMzg2Mzg4YmUtNDdkNy00NWY1LWE3NmEtZWMwNGNlMzE5YzU3XkEyXkFqcGdeQXVyMjA5MTIzMjQ@._V1_SX300.jpg,20th Century Fox,"[{'Source': 'Internet Movie Database', 'Value': '7.8/10'}, {'Source': 'Rotten Tomatoes', 'Value': '93%'}, {'Source': 'Metacritic', 'Value': '74/100'}]","Allison Schroeder (screenplay by), Theodore Melfi (screenplay by), Margot Lee Shetterly (based on the book by)"
138,"Mark Wahlberg, Dicky Eklund Jr., Michael Marchand, Rhet Kidd","$31,856,991",Peter Berg,https://m.media-amazon.com/images/M/MV5BODYxMDc0NTg2Nl5BMl5BanBnXkFtZTgwNjY0NDYzOTE@._V1_SX300.jpg,CBS Films,"[{'Source': 'Internet Movie Database', 'Value': '7.4/10'}, {'Source': 'Rotten Tomatoes', 'Value': '80%'}, {'Source': 'Metacritic', 'Value': '69/100'}]","Peter Berg (screenplay), Matt Cook (screenplay), Joshua Zetumer (screenplay), Peter Berg (story), Matt Cook (story), Paul Tamasy (story), Eric Johnson (story)"
139,"Felicity Jones, Diego Luna, Alan Tudyk, Donnie Yen","$532,171,696",Gareth Edwards,https://m.media-amazon.com/images/M/MV5BMjEwMzMxODIzOV5BMl5BanBnXkFtZTgwNzg3OTAzMDI@._V1_SX300.jpg,Walt Disney Pictures,"[{'Source': 'Internet Movie Database', 'Value': '7.8/10'}, {'Source': 'Rotten Tomatoes', 'Value': '84%'}, {'Source': 'Metacritic', 'Value': '65/100'}]","Chris Weitz (screenplay by), Tony Gilroy (screenplay by), John Knoll (story by), Gary Whitta (story by), George Lucas (based on characters created by)"
140,"Elle Fanning, Dane DeHaan, Carly Rae Jepsen, Maddie Ziegler","$21,797,758","Eric Summer, Éric Warin, Mimi Maynard, Paulette Victor-Lifton",https://m.media-amazon.com/images/M/MV5BZjEzMmFlNWUtYTFhOC00ZDMxLTllZmItZjc3ODMwNTk2ZmNlXkEyXkFqcGdeQXVyNTY2ODgzODg@._V1_SX300.jpg,The Weinstein Company,"[{'Source': 'Internet Movie Database', 'Value': '6.8/10'}, {'Source': 'Rotten Tomatoes', 'Value': '39%'}, {'Source': 'Metacritic', 'Value': '48/100'}]","Eric Summer (original idea), Eric Summer (original story), Laurent Zeitoun (original story), Carol Noble (screenplay), Laurent Zeitoun (screenplay), Eric Summer (screenplay)"
141,"Matt Damon, Tian Jing, Willem Dafoe, Andy Lau","$45,125,480",Yimou Zhang,https://m.media-amazon.com/images/M/MV5BMjA3MjAzOTQxNF5BMl5BanBnXkFtZTgwOTc5OTY1OTE@._V1_SX300.jpg,Universal Pictures,"[{'Source': 'Internet Movie Database', 'Value': '6.0/10'}, {'Source': 'Rotten Tomatoes', 'Value': '36%'}, {'Source': 'Metacritic', 'Value': '42/100'}]","Carlo Bernard (screenplay), Doug Miro (screenplay), Tony Gilroy (screenplay), Max Brooks (story), Edward Zwick (story), Marshall Herskovitz (story)"
142,"Jennifer Lawrence, Chris Pratt, Michael Sheen, Laurence Fishburne","$100,014,092",Morten Tyldum,https://m.media-amazon.com/images/M/MV5BZjk4ZTMwMTYtOTk1NC00OTA0LWFhMGYtZTBjMzViMDY2YWZjXkEyXkFqcGdeQXVyMTMxODk2OTU@._V1_SX300.jpg,Columbia Pictures,"[{'Source': 'Internet Movie Database', 'Value': '7.0/10'}, {'Source': 'Rotten Tomatoes', 'Value': '31%'}, {'Source': 'Metacritic', 'Value': '41/100'}]",Jon Spaihts
143,"Michael Fassbender, Marion Cotillard, Jeremy Irons, Brendan Gleeson","$54,645,723",Justin Kurzel,https://m.media-amazon.com/images/M/MV5BNzE1OTczNTc1OF5BMl5BanBnXkFtZTgwMzgyMDI3MDI@._V1_SX300.jpg,20th Century Fox,"[{'Source': 'Internet Movie Database', 'Value': '5.8/10'}, {'Source': 'Rotten Tomatoes', 'Value': '18%'}, {'Source': 'Metacritic', 'Value': '36/100'}]","Michael Lesslie (screenplay by), Adam Cooper (screenplay by), Bill Collage (screenplay by)"
144,"Lucas Till, Jane Levy, Thomas Lennon, Barry Pepper","$33,243,820",Chris Wedge,https://m.media-amazon.com/images/M/MV5BMTEyMjAzMDk4ODZeQTJeQWpwZ15BbWU4MDUxNzMzMDEy._V1_SX300.jpg,Paramount Pictures,"[{'Source': 'Internet Movie Database', 'Value': '5.7/10'}, {'Source': 'Rotten Tomatoes', 'Value': '31%'}, {'Source': 'Metacritic', 'Value': '41/100'}]","Derek Connolly (screenplay by), Matthew Robinson (story by), Jonathan Aibel (story by), Glenn Berger (story by)"
145,"Andrew Garfield, Adam Driver, Liam Neeson, Tadanobu Asano","$7,063,885",Martin Scorsese,https://m.media-amazon.com/images/M/MV5BMjY3OTk0NjA2NV5BMl5BanBnXkFtZTgwNTg3Mjc2MDI@._V1_SX300.jpg,Paramount Pictures,"[{'Source': 'Internet Movie Database', 'Value': '7.2/10'}, {'Source': 'Rotten Tomatoes', 'Value': '83%'}, {'Source': 'Metacritic', 'Value': '79/100'}]","Jay Cocks (screenplay by), Martin Scorsese (screenplay by), Shûsaku Endô (based on the novel by)"
146,"Matthew McConaughey, Edgar Ramírez, Bryce Dallas Howard, Corey Stoll","$7,222,964",Stephen Gaghan,https://m.media-amazon.com/images/M/MV5BNjEwNzMzMDI4Nl5BMl5BanBnXkFtZTgwMTM2ODkwMTI@._V1_SX300.jpg,TWC-Dimension,"[{'Source': 'Internet Movie Database', 'Value': '6.7/10'}, {'Source': 'Rotten Tomatoes', 'Value': '42%'}, {'Source': 'Metacritic', 'Value': '49/100'}]","Patrick Massett, John Zinman"
147,"Ben Affleck, Elle Fanning, Remo Girone, Brendan Gleeson","$10,377,558",Ben Affleck,https://m.media-amazon.com/images/M/MV5BMjc3MDIyMjgzNl5BMl5BanBnXkFtZTgwMzUxOTg3MDI@._V1_SX300.jpg,Warner Bros. Pictures,"[{'Source': 'Internet Movie Database', 'Value': '6.4/10'}, {'Source': 'Rotten Tomatoes', 'Value': '35%'}, {'Source': 'Metacritic', 'Value': '49/100'}]","Ben Affleck (screenplay by), Dennis Lehane (based on the novel by)"
148,"Jamie Foxx, Michelle Monaghan, Scoot McNairy, Dermot Mulroney","$20,757,977",Baran bo Odar,https://m.media-amazon.com/images/M/MV5BNjEwMDAyOTM4OV5BMl5BanBnXkFtZTgwMzc4MjMyMDI@._V1_SX300.jpg,Open Road Films,"[{'Source': 'Internet Movie Database', 'Value': '5.6/10'}, {'Source': 'Rotten Tomatoes', 'Value': '24%'}, {'Source': 'Metacritic', 'Value': '34/100'}]","Andrea Berloff (screenplay by), Frédéric Jardin (based on the film ""Nuit blanche"" written by), Nicolas Saada (based on the film ""Nuit blanche"" written by), Olivier Douyère (based on the film ""Nuit blanche"" written by)"
149,"Douglas Smith, Lucien Laviscount, Cressida Bonas, Doug Jones","$22,377,458",Stacy Title,https://m.media-amazon.com/images/M/MV5BMTcxOTE5NzQwNF5BMl5BanBnXkFtZTgwOTMzMTc1ODE@._V1_SX300.jpg,STX Entertainment,"[{'Source': 'Internet Movie Database', 'Value': '4.3/10'}, {'Source': 'Rotten Tomatoes', 'Value': '20%'}, {'Source': 'Metacritic', 'Value': '37/100'}]","Jonathan Penner (screenplay by), Robert Damon Schneck (based on ""The Bridge to Body Island"" by)"
150,"Vin Diesel, Donnie Yen, Deepika Padukone, Kris Wu","$44,850,317",D.J. Caruso,https://m.media-amazon.com/images/M/MV5BMzcwMjkxMzQ3NV5BMl5BanBnXkFtZTgwMzgyNDA5MDI@._V1_SX300.jpg,Paramount Pictures,"[{'Source': 'Internet Movie Database', 'Value': '5.2/10'}, {'Source': 'Rotten Tomatoes', 'Value': '46%'}, {'Source': 'Metacritic', 'Value': '42/100'}]","Rich Wilkes (based on characters created by), F. Scott Frazier"
151,"Josh Gad, Dennis Quaid, Peggy Lipton, Bryce Gheisar","$64,304,940",Lasse Hallström,https://m.media-amazon.com/images/M/MV5BNDQ4NjkxNzgzN15BMl5BanBnXkFtZTgwMjAzODQ4OTE@._V1_SX300.jpg,Amblin Entertainment,"[{'Source': 'Internet Movie Database', 'Value': '7.1/10'}, {'Source': 'Rotten Tomatoes', 'Value': '34%'}, {'Source': 'Metacritic', 'Value': '43/100'}]","W. Bruce Cameron (screenplay by), Cathryn Michon (screenplay by), Audrey Wells (screenplay by), Maya Forbes (screenplay by), Wallace Wolodarsky (screenplay), W. Bruce Cameron (based on the novel by)"
152,"Anna Kendrick, Rya Meyers, Charles Green, Lisa Kudrow","$3,606,977",Jeffrey Blitz,https://m.media-amazon.com/images/M/MV5BNzQzNzI3NzkzMl5BMl5BanBnXkFtZTgwMjA4MzczOTE@._V1_SX300.jpg,Fox Searchlight Pictures,"[{'Source': 'Internet Movie Database', 'Value': '5.8/10'}, {'Source': 'Rotten Tomatoes', 'Value': '26%'}, {'Source': 'Metacritic', 'Value': '40/100'}]","Mark Duplass (story by), Jay Duplass (story by), Jeffrey Blitz (story by), Jeffrey Blitz (screenplay by)"
153,"Gary Oldman, Janet Montgomery, Trey Tucker, Scott Takeda","$7,829,766",Peter Chelsom,https://m.media-amazon.com/images/M/MV5BNjYzODU1OTkwN15BMl5BanBnXkFtZTgwMDA3MTMwMDI@._V1_SX300.jpg,STX Entertainment,"[{'Source': 'Internet Movie Database', 'Value': '6.4/10'}, {'Source': 'Rotten Tomatoes', 'Value': '16%'}, {'Source': 'Metacritic', 'Value': '33/100'}]","Allan Loeb (screenplay by), Stewart Schill (story by), Richard Barton Lewis (story by), Allan Loeb (story by)"
154,"Matilda Anna Ingrid Lutz, Alex Roe, Johnny Galecki, Vincent D'Onofrio","$27,766,716",F. Javier Gutiérrez,https://m.media-amazon.com/images/M/MV5BNjU1NDAxNTg0MF5BMl5BanBnXkFtZTgwNzUxMjEwMTI@._V1_SX300.jpg,Paramount Pictures,"[{'Source': 'Internet Movie Database', 'Value': '4.5/10'}, {'Source': 'Rotten Tomatoes', 'Value': '7%'}, {'Source': 'Metacritic', 'Value': '25/100'}]","David Loucka (screenplay by), Jacob Estes (screenplay by), Akiva Goldsman (screenplay by), David Loucka (story by), Jacob Estes (story by), Kôji Suzuki (based on the novel ""The Ring"" by)"
155,"Will Arnett, Michael Cera, Rosario Dawson, Ralph Fiennes","$175,686,290",Chris McKay,https://m.media-amazon.com/images/M/MV5BMTcyNTEyOTY0M15BMl5BanBnXkFtZTgwOTAyNzU3MDI@._V1_SX300.jpg,Warner Bros. Pictures,"[{'Source': 'Internet Movie Database', 'Value': '7.3/10'}, {'Source': 'Rotten Tomatoes', 'Value': '90%'}, {'Source': 'Metacritic', 'Value': '75/100'}]","Seth Grahame-Smith (screenplay by), Chris McKenna (screenplay by), Erik Sommers (screenplay by), Jared Stern (screenplay by), John Whittington (screenplay by), Seth Grahame-Smith (story by), Bob Kane (Batman created by), Bill Finger (Batman created by), Jerry Siegel (Superman created by), Joe Shuster (Superman created by), William Moulton Marston (Wonder Woman created by), Ole Kirk Christiansen (based on LEGO Construction Toys created by), Godtfred Kirk Christiansen (based on LEGO Construction Toys created by), Jens Nygaard Knudsen (based on LEGO Construction Toys created by)"
156,"Keanu Reeves, Riccardo Scamarcio, Ian McShane, Ruby Rose","$91,970,516",Chad Stahelski,https://m.media-amazon.com/images/M/MV5BMjE2NDkxNTY2M15BMl5BanBnXkFtZTgwMDc2NzE0MTI@._V1_SX300.jpg,Summit Entertainment,"[{'Source': 'Internet Movie Database', 'Value': '7.5/10'}, {'Source': 'Rotten Tomatoes', 'Value': '89%'}, {'Source': 'Metacritic', 'Value': '75/100'}]","Derek Kolstad, Derek Kolstad (based on characters created by)"
157,"Dakota Johnson, Jamie Dornan, Eric Johnson, Eloise Mumford","$114,376,885",James Foley,https://m.media-amazon.com/images/M/MV5BMTQ5NTk0Njg2N15BMl5BanBnXkFtZTgwNzk5Nzk3MDI@._V1_SX300.jpg,Universal Pictures,"[{'Source': 'Internet Movie Database', 'Value': '4.6/10'}, {'Source': 'Rotten Tomatoes', 'Value': '12%'}, {'Source': 'Metacritic', 'Value': '33/100'}]","Niall Leonard (screenplay by), E.L. James (based on the novel by)"
158,"Dane DeHaan, Jason Isaacs, Mia Goth, Ivo Nandi","$8,103,139",Gore Verbinski,https://m.media-amazon.com/images/M/MV5BMTg5Njg1MzIwNl5BMl5BanBnXkFtZTgwNDU1NjczMDI@._V1_SX300.jpg,20th Century Fox,"[{'Source': 'Internet Movie Database', 'Value': '6.4/10'}, {'Source': 'Rotten Tomatoes', 'Value': '43%'}, {'Source': 'Metacritic', 'Value': '47/100'}]","Justin Haythe (screenplay by), Justin Haythe (story by), Gore Verbinski (story by)"
159,"Daniel Kaluuya, Allison Williams, Catherine Keener, Bradley Whitford","$175,428,355",Jordan Peele,https://m.media-amazon.com/images/M/MV5BMjUxMDQwNjcyNl5BMl5BanBnXkFtZTgwNzcwMzc0MTI@._V1_SX300.jpg,Universal Pictures,"[{'Source': 'Internet Movie Database', 'Value': '7.7/10'}, {'Source': 'Rotten Tomatoes', 'Value': '98%'}, {'Source': 'Metacritic', 'Value': '84/100'}]",Jordan Peele
160,"Hugh Jackman, Patrick Stewart, Dafne Keen, Boyd Holbrook","$226,276,809",James Mangold,https://m.media-amazon.com/images/M/MV5BYzc5MTU4N2EtYTkyMi00NjdhLTg3NWEtMTY4OTEyMzJhZTAzXkEyXkFqcGdeQXVyNjc1NTYyMjg@._V1_SX300.jpg,20th Century Fox,"[{'Source': 'Internet Movie Database', 'Value': '8.1/10'}, {'Source': 'Rotten Tomatoes', 'Value': '93%'}, {'Source': 'Metacritic', 'Value': '77/100'}]","James Mangold (story by), Scott Frank (screenplay by), James Mangold (screenplay by), Michael Green (screenplay by)"
161,"Zoey Deutch, Halston Sage, Logan Miller, Kian Lawley","$12,230,741",Ry Russo-Young,https://m.media-amazon.com/images/M/MV5BNDYwOTY0MDI2OV5BMl5BanBnXkFtZTgwOTE5NzM2MDI@._V1_SX300.jpg,Open Road Films,"[{'Source': 'Internet Movie Database', 'Value': '6.4/10'}, {'Source': 'Rotten Tomatoes', 'Value': '63%'}, {'Source': 'Metacritic', 'Value': '58/100'}]","Maria Maggenti (screenplay by), Lauren Oliver (based on the novel by)"
162,"Sam Worthington, Octavia Spencer, Tim McGraw, Radha Mitchell","$57,330,873",Stuart Hazeldine,https://m.media-amazon.com/images/M/MV5BMjI3MDMxNzcxNl5BMl5BanBnXkFtZTgwODc4MzkwOTE@._V1_SX300.jpg,Lionsgate,"[{'Source': 'Internet Movie Database', 'Value': '6.3/10'}, {'Source': 'Rotten Tomatoes', 'Value': '20%'}, {'Source': 'Metacritic', 'Value': '32/100'}]","John Fusco (screenplay by), Andrew Lanham (screenplay by), Destin Daniel Cretton (screenplay by), William P. Young (based on the book by), Wayne Jacobsen (in collaboration with), Brad Cummings (in collaboration with)"
163,"Tom Hiddleston, Samuel L. Jackson, Brie Larson, John C. Reilly","$167,986,460",Jordan Vogt-Roberts,https://m.media-amazon.com/images/M/MV5BMTUwMzI5ODEwNF5BMl5BanBnXkFtZTgwNjAzNjI2MDI@._V1_SX300.jpg,Warner Bros. Pictures/Legendary Pictures,"[{'Source': 'Internet Movie Database', 'Value': '6.6/10'}, {'Source': 'Rotten Tomatoes', 'Value': '75%'}, {'Source': 'Metacritic', 'Value': '62/100'}]","Dan Gilroy (screenplay by), Max Borenstein (screenplay by), Derek Connolly (screenplay by), John Gatins (story by)"
164,"Emma Watson, Dan Stevens, Luke Evans, Josh Gad","$503,974,884",Bill Condon,https://m.media-amazon.com/images/M/MV5BMTUwNjUxMTM4NV5BMl5BanBnXkFtZTgwODExMDQzMTI@._V1_SX300.jpg,Walt Disney Pictures,"[{'Source': 'Internet Movie Database', 'Value': '7.2/10'}, {'Source': 'Rotten Tomatoes', 'Value': '71%'}, {'Source': 'Metacritic', 'Value': '65/100'}]","Stephen Chbosky (screenplay by), Evan Spiliotopoulos (screenplay by), Linda Woolverton (based on the 1991 animated film ""Beauty and the Beast"" animation screenplay by)"
165,"Ryan Gosling, Rooney Mara, Michael Fassbender, Natalie Portman","$421,856",Terrence Malick,https://m.media-amazon.com/images/M/MV5BNzI1MTg0MzEyOF5BMl5BanBnXkFtZTgwNzk4Mjk0MTI@._V1_SX300.jpg,Broad Green Pictures,"[{'Source': 'Internet Movie Database', 'Value': '5.7/10'}, {'Source': 'Rotten Tomatoes', 'Value': '43%'}, {'Source': 'Metacritic', 'Value': '54/100'}]",Terrence Malick
166,"Hiroyuki Sanada, Ryan Reynolds, Rebecca Ferguson, Jake Gyllenhaal","$30,180,466",Daniel Espinosa,https://m.media-amazon.com/images/M/MV5BMzAwMmQxNTctYjVmYi00MDdlLWEzMWUtOTE5NTRiNDhhNjI2L2ltYWdlXkEyXkFqcGdeQXVyMTkxNjUyNQ@@._V1_SX300.jpg,Skydance Films,"[{'Source': 'Internet Movie Database', 'Value': '6.6/10'}, {'Source': 'Rotten Tomatoes', 'Value': '67%'}, {'Source': 'Metacritic', 'Value': '54/100'}]","Rhett Reese, Paul Wernick"
167,"Alec Baldwin, Steve Buscemi, Jimmy Kimmel, Lisa Kudrow","$174,996,080",Tom McGrath,https://m.media-amazon.com/images/M/MV5BMTg5MzUxNzgxNV5BMl5BanBnXkFtZTgwMTM2NzQ3MjI@._V1_SX300.jpg,DreamWorks Animation,"[{'Source': 'Internet Movie Database', 'Value': '6.3/10'}, {'Source': 'Rotten Tomatoes', 'Value': '52%'}, {'Source': 'Metacritic', 'Value': '50/100'}]","Michael McCullers, Marla Frazee (based on the book by)"
168,"Dacre Montgomery, Naomi Scott, RJ Cyler, Ludi Lin","$85,275,488",Dean Israelite,https://m.media-amazon.com/images/M/MV5BMTU1MTkxNzc5NF5BMl5BanBnXkFtZTgwOTM2Mzk3MTI@._V1_SX300.jpg,Lionsgate Films,"[{'Source': 'Internet Movie Database', 'Value': '6.0/10'}, {'Source': 'Rotten Tomatoes', 'Value': '49%'}, {'Source': 'Metacritic', 'Value': '44/100'}]","John Gatins (screenplay by), Matt Sazama (story by), Burk Sharpless (story by), Michele Mulroney (story by), Kieran Mulroney (story by), Haim Saban (based upon ""Power Rangers"" created by), Saburo Yatsude (television series: ""Super Sentai""), Shôtarô Ishinomori (television series: ""Super Sentai"")"
169,"Michael Peña, Dax Shepard, Vincent D'Onofrio, Rosa Salazar","$18,591,819",Dax Shepard,https://m.media-amazon.com/images/M/MV5BZTliN2IyMTctYTliOS00ZTJiLTkxN2YtNDg1YTJiZTA4MTVlL2ltYWdlXkEyXkFqcGdeQXVyMTkxNjUyNQ@@._V1_SX300.jpg,Warner Bros. Pictures,"[{'Source': 'Internet Movie Database', 'Value': '6.0/10'}, {'Source': 'Rotten Tomatoes', 'Value': '17%'}, {'Source': 'Metacritic', 'Value': '28/100'}]","Rick Rosner (based on the television series created by), Dax Shepard"
170,"Scarlett Johansson, Pilou Asbæk, Takeshi Kitano, Juliette Binoche","$40,533,014",Rupert Sanders,https://m.media-amazon.com/images/M/MV5BMzJiNTI3MjItMGJiMy00YzA1LTg2MTItZmE1ZmRhOWQ0NGY1XkEyXkFqcGdeQXVyOTk4MTM0NQ@@._V1_SX300.jpg,Paramount Pictures,"[{'Source': 'Internet Movie Database', 'Value': '6.4/10'}, {'Source': 'Rotten Tomatoes', 'Value': '43%'}, {'Source': 'Metacritic', 'Value': '52/100'}]","Shirow Masamune (based on the comic ""The Ghost in the Shell"" by), Jamie Moss (screenplay by), William Wheeler (screenplay by), Ehren Kruger (screenplay by)"
171,"Jessica Chastain, Johan Heldenbergh, Daniel Brühl, Timothy Radford","$17,407,536",Niki Caro,https://m.media-amazon.com/images/M/MV5BNTY3YmZmYmMtZjc3Zi00N2VjLWE5ZGMtN2M0ODkzOGQ5M2UyL2ltYWdlL2ltYWdlXkEyXkFqcGdeQXVyNTk1MTQ3NDI@._V1_SX300.jpg,Focus Features,"[{'Source': 'Internet Movie Database', 'Value': '7.0/10'}, {'Source': 'Rotten Tomatoes', 'Value': '62%'}, {'Source': 'Metacritic', 'Value': '57/100'}]","Angela Workman (screenplay), Diane Ackerman (based on the book by)"
172,"Vin Diesel, Jason Statham, Dwayne Johnson, Michelle Rodriguez","$225,697,400",F. Gary Gray,https://m.media-amazon.com/images/M/MV5BMjMxODI2NDM5Nl5BMl5BanBnXkFtZTgwNjgzOTk1MTI@._V1_SX300.jpg,Universal Pictures,"[{'Source': 'Internet Movie Database', 'Value': '6.7/10'}, {'Source': 'Rotten Tomatoes', 'Value': '67%'}, {'Source': 'Metacritic', 'Value': '56/100'}]","Gary Scott Thompson (based on characters created by), Chris Morgan"
173,"Chris Pratt, Zoe Saldana, Dave Bautista, Vin Diesel","$389,804,217",James Gunn,https://m.media-amazon.com/images/M/MV5BMTg2MzI1MTg3OF5BMl5BanBnXkFtZTgwNTU3NDA2MTI@._V1_SX300.jpg,Walt Disney Pictures,"[{'Source': 'Internet Movie Database', 'Value': '7.7/10'}, {'Source': 'Rotten Tomatoes', 'Value': '84%'}, {'Source': 'Metacritic', 'Value': '67/100'}]","James Gunn, Dan Abnett (based on the Marvel comics by), Andy Lanning (based on the Marvel comics by), Steve Englehart (Star-Lord created by), Steve Gan (Star-Lord created by), Jim Starlin (Gamora and Drax created by), Stan Lee (Groot created by), Larry Lieber (Groot created by), Jack Kirby (Groot created by), Bill Mantlo (Rocket Raccoon created by), Keith Giffen (Rocket Raccoon created by), Steve Gerber (Howard the Duck created by), Val Mayerik (Howard the Duck created by)"
174,"Florence Hartigan, Luke Spencer Roberts, Chelsea Lopez, Justin Matthews","$3,599,570",Justin Barber,https://m.media-amazon.com/images/M/MV5BMTUxODEyNjEzNl5BMl5BanBnXkFtZTgwMDQyMTM2MTI@._V1_SX300.jpg,Cinelou Films,"[{'Source': 'Internet Movie Database', 'Value': '5.2/10'}, {'Source': 'Rotten Tomatoes', 'Value': '41%'}, {'Source': 'Metacritic', 'Value': '33/100'}]","T.S. Nowlin, Justin Barber"
175,"Emma Watson, Ellar Coltrane, Glenne Headly, Bill Paxton","$20,476,300",James Ponsoldt,https://m.media-amazon.com/images/M/MV5BMjY2OTM2Njc3Ml5BMl5BanBnXkFtZTgwNDgzODU3MTI@._V1_SX300.jpg,EuropaCorp / STXfilms,"[{'Source': 'Internet Movie Database', 'Value': '5.3/10'}, {'Source': 'Rotten Tomatoes', 'Value': '15%'}, {'Source': 'Metacritic', 'Value': '43/100'}]","James Ponsoldt (screenplay by), Dave Eggers (screenplay by), Dave Eggers (based on the novel by)"
176,"Charlie Hunnam, Astrid Bergès-Frisbey, Jude Law, Djimon Hounsou","$39,037,047",Guy Ritchie,https://m.media-amazon.com/images/M/MV5BMjM3ODY3Njc5Ml5BMl5BanBnXkFtZTgwMjQ5NjM5MTI@._V1_SX300.jpg,Warner Bros. Pictures,"[{'Source': 'Internet Movie Database', 'Value': '6.8/10'}, {'Source': 'Rotten Tomatoes', 'Value': '31%'}, {'Source': 'Metacritic', 'Value': '41/100'}]","Joby Harold (screenplay by), Guy Ritchie (screenplay by), Lionel Wigram (screenplay by), David Dobkin (story by), Joby Harold (story by)"
177,"Michael Fassbender, Katherine Waterston, Billy Crudup, Danny McBride","$74,255,908",Ridley Scott,https://m.media-amazon.com/images/M/MV5BYzVkMjRhNzctOGQxMC00OGE2LWJhN2EtNmYyODRiMDNlM2ZmXkEyXkFqcGdeQXVyMTMxODk2OTU@._V1_SX300.jpg,20th Century Fox,"[{'Source': 'Internet Movie Database', 'Value': '6.4/10'}, {'Source': 'Rotten Tomatoes', 'Value': '66%'}, {'Source': 'Metacritic', 'Value': '65/100'}]","Dan O'Bannon (based on characters created by), Ronald Shusett (based on characters created by), Jack Paglen (story by), Michael Green (story by), John Logan (screenplay by), Dante Harper (screenplay by)"
178,"Dwayne Johnson, Zac Efron, Priyanka Chopra, Alexandra Daddario","$58,009,442",Seth Gordon,https://m.media-amazon.com/images/M/MV5BNTA4MjQ0ODQzNF5BMl5BanBnXkFtZTgwNzA5NjYzMjI@._V1_SX300.jpg,Paramount Pictures,"[{'Source': 'Internet Movie Database', 'Value': '5.6/10'}, {'Source': 'Rotten Tomatoes', 'Value': '18%'}, {'Source': 'Metacritic', 'Value': '37/100'}]","Michael Berk (based on the series ""Baywatch"" created by), Douglas Schwartz (based on the series ""Baywatch"" created by), Gregory J. Bonann (based on the series ""Baywatch"" created by), Jay Scherick (story by), David Ronn (story by), Thomas Lennon (story by), Robert Ben Garant (story by), Damian Shannon (screenplay by), Mark Swift (screenplay by)"
179,"Gal Gadot, Chris Pine, Connie Nielsen, Robin Wright","$412,400,625",Patty Jenkins,https://m.media-amazon.com/images/M/MV5BNDFmZjgyMTEtYTk5MC00NmY0LWJhZjktOWY2MzI5YjkzODNlXkEyXkFqcGdeQXVyMDA4NzMyOA@@._V1_SX300.jpg,Warner Bros. Pictures,"[{'Source': 'Internet Movie Database', 'Value': '7.5/10'}, {'Source': 'Rotten Tomatoes', 'Value': '93%'}, {'Source': 'Metacritic', 'Value': '76/100'}]","Allan Heinberg (screenplay by), Zack Snyder (story by), Allan Heinberg (story by), Jason Fuchs (story by), William Moulton Marston (Wonder Woman created by)"
180,"Tom Cruise, Russell Crowe, Annabelle Wallis, Sofia Boutella","$80,072,590",Alex Kurtzman,https://m.media-amazon.com/images/M/MV5BMTkwMTgwODAxMl5BMl5BanBnXkFtZTgwNTEwNTQ3MDI@._V1_SX300.jpg,Universal Pictures,"[{'Source': 'Internet Movie Database', 'Value': '5.5/10'}, {'Source': 'Rotten Tomatoes', 'Value': '16%'}, {'Source': 'Metacritic', 'Value': '34/100'}]","David Koepp (screenplay by), Christopher McQuarrie (screenplay by), Dylan Kussman (screenplay by), Jon Spaihts (screen story by), Alex Kurtzman (screen story by), Jenny Lumet (screen story by)"
181,"Mandy Moore, Claire Holt, Chris Johnson, Yani Gellman","$44,305,642",Johannes Roberts,https://m.media-amazon.com/images/M/MV5BMjE5MzVlYWMtNTZjZC00MGNiLWE0YzMtNjYwOTI0MDZjMzQ5XkEyXkFqcGdeQXVyNjkxMzAyMTU@._V1_SX300.jpg,Entertainment Studios Motion Pictures,"[{'Source': 'Internet Movie Database', 'Value': '5.6/10'}, {'Source': 'Rotten Tomatoes', 'Value': '53%'}, {'Source': 'Metacritic', 'Value': '52/100'}]","Johannes Roberts, Ernest Riera"
182,"Owen Wilson, Cristela Alonzo, Chris Cooper, Nathan Fillion","$152,603,003",Brian Fee,https://m.media-amazon.com/images/M/MV5BMTc0NzU2OTYyN15BMl5BanBnXkFtZTgwMTkwOTg2MTI@._V1_SX300.jpg,Walt Disney Pictures,"[{'Source': 'Internet Movie Database', 'Value': '6.8/10'}, {'Source': 'Rotten Tomatoes', 'Value': '70%'}, {'Source': 'Metacritic', 'Value': '59/100'}]","Brian Fee (original story by), Ben Queen (original story by), Eyal Podell (original story by), Jonathon E. Stewart (original story by), Kiel Murray (screenplay by), Bob Peterson (screenplay by), Mike Rich (screenplay by), Scott Morse (additional story material)"
183,"Scarlett Johansson, Jillian Bell, Zoë Kravitz, Ilana Glazer","$22,092,592",Lucia Aniello,https://m.media-amazon.com/images/M/MV5BODY1NDUzNzY4MV5BMl5BanBnXkFtZTgwNzc3NzcyMjI@._V1_SX300.jpg,Columbia Pictures,"[{'Source': 'Internet Movie Database', 'Value': '5.2/10'}, {'Source': 'Rotten Tomatoes', 'Value': '44%'}, {'Source': 'Metacritic', 'Value': '51/100'}]","Lucia Aniello, Paul W. Downs"
184,"Steve Carell, Kristen Wiig, Trey Parker, Miranda Cosgrove","$264,194,540","Kyle Balda, Pierre Coffin, Eric Guillon(co-director)",https://m.media-amazon.com/images/M/MV5BNjUyNzQ2MTg3Ml5BMl5BanBnXkFtZTgwNzE4NDM3MTI@._V1_SX300.jpg,Universal Pictures,"[{'Source': 'Internet Movie Database', 'Value': '6.3/10'}, {'Source': 'Rotten Tomatoes', 'Value': '59%'}, {'Source': 'Metacritic', 'Value': '49/100'}]","Cinco Paul, Ken Daurio"
185,"Naomi Watts, Jaeden Martell, Jacob Tremblay, Sarah Silverman","$4,219,536",Colin Trevorrow,https://m.media-amazon.com/images/M/MV5BMjQ3MjI4OTU1Ml5BMl5BanBnXkFtZTgwMTgwODcyMjI@._V1_SX300.jpg,Focus Features,"[{'Source': 'Internet Movie Database', 'Value': '6.6/10'}, {'Source': 'Rotten Tomatoes', 'Value': '22%'}, {'Source': 'Metacritic', 'Value': '31/100'}]",Gregg Hurwitz
186,"Mark Wahlberg, Anthony Hopkins, Josh Duhamel, Laura Haddock","$130,104,634",Michael Bay,https://m.media-amazon.com/images/M/MV5BMTk3OTI3MDk4N15BMl5BanBnXkFtZTgwNDg2ODIyMjI@._V1_SX300.jpg,Paramount Pictures,"[{'Source': 'Internet Movie Database', 'Value': '5.2/10'}, {'Source': 'Rotten Tomatoes', 'Value': '15%'}, {'Source': 'Metacritic', 'Value': '27/100'}]","Art Marcum (screenplay by), Matt Holloway (screenplay by), Ken Nolan (screenplay by), Akiva Goldsman (story by), Art Marcum (story by), Matt Holloway (story by), Ken Nolan (story by)"
187,"Colin Farrell, Nicole Kidman, Kirsten Dunst, Elle Fanning","$10,542,504",Sofia Coppola,https://m.media-amazon.com/images/M/MV5BMTg5NjY3NDYxMl5BMl5BanBnXkFtZTgwMjI5ODgyMjI@._V1_SX300.jpg,Focus Features,"[{'Source': 'Internet Movie Database', 'Value': '6.3/10'}, {'Source': 'Rotten Tomatoes', 'Value': '78%'}, {'Source': 'Metacritic', 'Value': '77/100'}]","Sofia Coppola (screenplay by), Thomas Cullinan (based on the novel by), Albert Maltz (and the screenplay by), Irene Kamp (and the screenplay by)"
188,"Casey Affleck, Rooney Mara, McColm Cephas Jr., Kenneisha Thompson","$1,594,798",David Lowery,https://m.media-amazon.com/images/M/MV5BMzcyNTc1ODQzMF5BMl5BanBnXkFtZTgwNTgzMzY4MTI@._V1_SX300.jpg,Ideaman Studios,"[{'Source': 'Internet Movie Database', 'Value': '6.8/10'}, {'Source': 'Rotten Tomatoes', 'Value': '91%'}, {'Source': 'Metacritic', 'Value': '84/100'}]",David Lowery
189,"Andy Serkis, Woody Harrelson, Steve Zahn, Karin Konoval","$146,872,826",Matt Reeves,https://m.media-amazon.com/images/M/MV5BNDNmYTQzMDEtMmY0MS00OTNjLTk4MjItMDZhMzkzOGI3MzA0XkEyXkFqcGdeQXVyNjk5NDA3OTk@._V1_SX300.jpg,20th Century Fox,"[{'Source': 'Internet Movie Database', 'Value': '7.5/10'}, {'Source': 'Rotten Tomatoes', 'Value': '93%'}, {'Source': 'Metacritic', 'Value': '82/100'}]","Mark Bomback, Matt Reeves, Rick Jaffa (based on characters created by), Amanda Silver (based on characters created by)"
190,"Fionn Whitehead, Damien Bonnard, Aneurin Barnard, Lee Armstrong","$188,042,171",Christopher Nolan,https://m.media-amazon.com/images/M/MV5BN2YyZjQ0NTEtNzU5MS00NGZkLTg0MTEtYzJmMWY3MWRhZjM2XkEyXkFqcGdeQXVyMDA4NzMyOA@@._V1_SX300.jpg,Warner Bros. Pictures,"[{'Source': 'Internet Movie Database', 'Value': '7.9/10'}, {'Source': 'Rotten Tomatoes', 'Value': '92%'}, {'Source': 'Metacritic', 'Value': '94/100'}]",Christopher Nolan
191,"T.J. Miller, James Corden, Anna Faris, Maya Rudolph","$86,053,485",Tony Leondis,https://m.media-amazon.com/images/M/MV5BMTkzMzM3OTM2Ml5BMl5BanBnXkFtZTgwMDM0NDU3MjI@._V1_SX300.jpg,Sony Pictures Animation,"[{'Source': 'Internet Movie Database', 'Value': '3.2/10'}, {'Source': 'Rotten Tomatoes', 'Value': '7%'}, {'Source': 'Metacritic', 'Value': '12/100'}]","Tony Leondis (screenplay by), Eric Siegel (screenplay by), Mike White (screenplay by), Tony Leondis (story by), Eric Siegel (story by), John Hoffman (additional screenplay material)"
192,"Matthew McConaughey, Idris Elba, Tom Taylor, Dennis Haysbert","$50,644,837",Nikolaj Arcel,https://m.media-amazon.com/images/M/MV5BMTU3MjUwMzQ3MF5BMl5BanBnXkFtZTgwMjcwNjkxMjI@._V1_SX300.jpg,Sony Pictures,"[{'Source': 'Internet Movie Database', 'Value': '5.7/10'}, {'Source': 'Rotten Tomatoes', 'Value': '16%'}, {'Source': 'Metacritic', 'Value': '34/100'}]","Akiva Goldsman (screenplay by), Jeff Pinkner (screenplay by), Anders Thomas Jensen (screenplay by), Nikolaj Arcel (screenplay by), Stephen King (based on ""The Dark Tower"" novels by)"
